NaN,1.96,2.06,2.16,2.26,2.36,2.46,2.56,2.66,2.76,2.86,2.96,3.06,3.16,3.26,3.36,3.46,3.56,3.66,3.76,3.86,3.96,4.06,4.16,4.26,4.36,4.46,4.56,4.66,4.76,4.86,4.96,5.06,5.16,5.26,5.36,5.46,5.56,5.66,5.76,5.86,5.87,5.96,6.06,6.16,6.26,6.36,6.46,6.56,6.66,6.76,6.86,6.96,7.06,7.56,8.06,8.56,9.06,9.56,10.06,10.56,11.06,11.56,12.06,12.56
-5,0.17642,0.17642,0.17642,0.17642,0.17642,0.17642,0.17713,0.17713,0.17642,0.17642,0.17713,0.17713,0.17713,0.17713,0.17713,0.17713,0.17713,0.17713,0.17713,0.17713,0.17713,0.17713,0.17713,0.17713,0.17713,0.17713,0.17713,0.17713,0.17713,0.17713,0.17713,0.17713,0.17713,0.17713,0.17713,0.17713,0.17713,0.17713,0.17713,0.17713,0.17713,0.17713,0.17713,0.18465,0.1922,0.19942,0.20664,0.21366,0.22069,0.22788,0.23512,0.2415,0.24755,0.26711,0.24241,0.13894,0.081936,0.04949,0.036039,0.027952,0.023449,0.020671,0.018458,0.016501
-4.8,0.18891,0.18891,0.18891,0.18891,0.18891,0.18891,0.18961,0.18961,0.18891,0.18891,0.18961,0.18961,0.18961,0.18961,0.18961,0.18961,0.18961,0.18961,0.18961,0.18961,0.18961,0.18961,0.18961,0.18961,0.18961,0.18961,0.18961,0.18961,0.18961,0.18961,0.18961,0.18961,0.18961,0.18961,0.18961,0.18961,0.18961,0.18961,0.18961,0.18961,0.18961,0.18961,0.18961,0.19658,0.20355,0.20998,0.21641,0.22274,0.22906,0.23576,0.24261,0.24874,0.25471,0.27468,0.28847,0.15775,0.096835,0.059607,0.043217,0.03368,0.028023,0.024439,0.021837,0.019501
-4.6,0.20107,0.20107,0.20107,0.20107,0.20107,0.20107,0.20175,0.20175,0.20107,0.20107,0.20175,0.20175,0.20175,0.20175,0.20175,0.20175,0.20175,0.20175,0.20175,0.20175,0.20175,0.20175,0.20175,0.20175,0.20175,0.20175,0.20175,0.20175,0.20175,0.20175,0.20175,0.20175,0.20175,0.20175,0.20175,0.20175,0.20175,0.20175,0.20175,0.20175,0.20175,0.20175,0.20175,0.2084,0.21501,0.2207,0.22639,0.23194,0.2375,0.24362,0.24996,0.25575,0.2616,0.28203,0.29312,0.17625,0.11195,0.070737,0.050705,0.039849,0.032871,0.028237,0.025238,0.022509
-4.4,0.2128,0.2128,0.2128,0.2128,0.2128,0.2128,0.21349,0.21349,0.2128,0.2128,0.21349,0.21349,0.21349,0.21349,0.21349,0.21349,0.21349,0.21349,0.21349,0.21349,0.21349,0.21349,0.21349,0.21349,0.21349,0.21349,0.21349,0.21349,0.21349,0.21349,0.21349,0.21349,0.21349,0.21349,0.21349,0.21349,0.21349,0.21349,0.21349,0.21349,0.21349,0.21349,0.21349,0.22001,0.22645,0.2315,0.23655,0.24132,0.2461,0.25154,0.25724,0.26262,0.26831,0.28933,0.29829,0.1944,0.1277,0.082423,0.058435,0.045934,0.037686,0.032097,0.028632,0.025507
-4.2,0.22415,0.22415,0.22415,0.22415,0.22415,0.22415,0.22484,0.22484,0.22415,0.22415,0.22484,0.22484,0.22484,0.22484,0.22484,0.22484,0.22484,0.22484,0.22484,0.22484,0.22484,0.22484,0.22484,0.22484,0.22484,0.22484,0.22484,0.22484,0.22484,0.22484,0.22484,0.22484,0.22484,0.22484,0.22484,0.22484,0.22484,0.22484,0.22484,0.22484,0.22484,0.22484,0.22484,0.23134,0.23772,0.24235,0.24698,0.25092,0.25486,0.25955,0.26453,0.26942,0.27486,0.29571,0.30375,0.21236,0.14317,0.09437,0.066712,0.052147,0.042546,0.036037,0.032028,0.02851
-4,0.23491,0.23491,0.23491,0.23491,0.23491,0.23491,0.23561,0.23561,0.23491,0.23491,0.23561,0.23561,0.23561,0.23561,0.23561,0.23561,0.23561,0.23561,0.23561,0.23561,0.23561,0.23561,0.23561,0.23561,0.23561,0.23561,0.23561,0.23561,0.23561,0.23561,0.23561,0.23561,0.23561,0.23561,0.23561,0.23561,0.23561,0.23561,0.23561,0.23561,0.23561,0.23561,0.23561,0.24269,0.24955,0.25354,0.25753,0.26071,0.26389,0.26778,0.27194,0.27623,0.28129,0.30216,0.30933,0.22964,0.15862,0.10663,0.075831,0.058618,0.047491,0.040082,0.0354,0.031521
-3.8,0.24516,0.24516,0.24516,0.24516,0.24516,0.24516,0.24586,0.24586,0.24516,0.24516,0.24586,0.24586,0.24586,0.24586,0.24586,0.24586,0.24586,0.24586,0.24586,0.24586,0.24586,0.24586,0.24586,0.24586,0.24586,0.24586,0.24586,0.24586,0.24586,0.24586,0.24586,0.24586,0.24586,0.24586,0.24586,0.24586,0.24586,0.24586,0.24586,0.24586,0.24586,0.24586,0.24586,0.25313,0.26016,0.26414,0.26811,0.27067,0.27323,0.27629,0.27955,0.28314,0.28768,0.30834,0.31498,0.2461,0.17389,0.11916,0.085196,0.065201,0.052647,0.04435,0.038777,0.034545
-3.6,0.2549,0.2549,0.2549,0.2549,0.2549,0.2549,0.25561,0.25561,0.2549,0.2549,0.25561,0.25561,0.25561,0.25561,0.25561,0.25561,0.25561,0.25561,0.25561,0.25561,0.25561,0.25561,0.25561,0.25561,0.25561,0.25561,0.25561,0.25561,0.25561,0.25561,0.25561,0.25561,0.25561,0.25561,0.25561,0.25561,0.25561,0.25561,0.25561,0.25561,0.25561,0.25561,0.25561,0.26304,0.27025,0.27438,0.2785,0.28072,0.28295,0.28519,0.28744,0.29022,0.2941,0.31413,0.32081,0.26177,0.18914,0.13257,0.095136,0.072101,0.058165,0.048929,0.042198,0.037603
-3.4,0.26414,0.26414,0.26414,0.26414,0.26414,0.26414,0.26486,0.26486,0.26414,0.26414,0.26486,0.26486,0.26486,0.26486,0.26486,0.26486,0.26486,0.26486,0.26486,0.26486,0.26486,0.26486,0.26486,0.26486,0.26486,0.26486,0.26486,0.26486,0.26486,0.26486,0.26486,0.26486,0.26486,0.26486,0.26486,0.26486,0.26486,0.26486,0.26486,0.26486,0.26486,0.26486,0.26486,0.27245,0.27982,0.28421,0.28859,0.29073,0.29287,0.29439,0.29567,0.29761,0.30071,0.31958,0.3271,0.27627,0.20404,0.14536,0.10537,0.07967,0.064052,0.053596,0.045691,0.040683
-3.2,0.27272,0.27272,0.27272,0.27272,0.27272,0.27272,0.27344,0.27344,0.27272,0.27272,0.27344,0.27344,0.27344,0.27344,0.27344,0.27344,0.27344,0.27344,0.27344,0.27344,0.27344,0.27344,0.27344,0.27344,0.27344,0.27344,0.27344,0.27344,0.27344,0.27344,0.27344,0.27344,0.27344,0.27344,0.27344,0.27344,0.27344,0.27344,0.27344,0.27344,0.27344,0.27344,0.27344,0.28128,0.28891,0.29365,0.29839,0.30057,0.30275,0.30374,0.30429,0.30546,0.30767,0.32481,0.33339,0.29019,0.21848,0.15811,0.1159,0.08747,0.069925,0.058188,0.0493,0.043792
-3,0.28062,0.28062,0.28062,0.28062,0.28062,0.28062,0.28136,0.28136,0.28062,0.28062,0.28136,0.28136,0.28136,0.28136,0.28136,0.28136,0.28136,0.28136,0.28136,0.28136,0.28136,0.28136,0.28136,0.28136,0.28136,0.28136,0.28136,0.28136,0.28136,0.28136,0.28136,0.28136,0.28136,0.28136,0.28136,0.28136,0.28136,0.28136,0.28136,0.28136,0.28136,0.28136,0.28136,0.28943,0.29731,0.3025,0.30769,0.31009,0.31249,0.31323,0.31336,0.31389,0.31506,0.32983,0.34057,0.30201,0.23242,0.17134,0.12674,0.095563,0.075851,0.062711,0.053033,0.046933
-2.8,0.28772,0.28772,0.28772,0.28772,0.28772,0.28772,0.28846,0.28846,0.28772,0.28772,0.28846,0.28846,0.28846,0.28846,0.28846,0.28846,0.28846,0.28846,0.28846,0.28846,0.28846,0.28846,0.28846,0.28846,0.28846,0.28846,0.28846,0.28846,0.28846,0.28846,0.28846,0.28846,0.28846,0.28846,0.28846,0.28846,0.28846,0.28846,0.28846,0.28846,0.28846,0.28846,0.28846,0.29678,0.30495,0.3109,0.31686,0.31945,0.32204,0.32277,0.32279,0.3228,0.32281,0.33469,0.34586,0.31896,0.24564,0.18428,0.13792,0.10415,0.082105,0.067444,0.057016,0.05015
-2.6,0.29414,0.29414,0.29414,0.29414,0.29414,0.29414,0.29489,0.29489,0.29414,0.29414,0.29489,0.29489,0.29489,0.29489,0.29489,0.29489,0.29489,0.29489,0.29489,0.29489,0.29489,0.29489,0.29489,0.29489,0.29489,0.29489,0.29489,0.29489,0.29489,0.29489,0.29489,0.29489,0.29489,0.29489,0.29489,0.29489,0.29489,0.29489,0.29489,0.29489,0.29489,0.29489,0.29489,0.30346,0.3119,0.31823,0.32455,0.32777,0.33098,0.33202,0.33224,0.33192,0.33082,0.33962,0.35102,0.32625,0.25823,0.19678,0.14934,0.11322,0.088892,0.072651,0.061305,0.053487
-2.4,0.29976,0.29976,0.29976,0.29976,0.29976,0.29976,0.3005,0.3005,0.29976,0.29976,0.3005,0.3005,0.3005,0.3005,0.3005,0.3005,0.3005,0.3005,0.3005,0.3005,0.3005,0.3005,0.3005,0.3005,0.3005,0.3005,0.3005,0.3005,0.3005,0.3005,0.3005,0.3005,0.3005,0.3005,0.3005,0.3005,0.3005,0.3005,0.3005,0.3005,0.3005,0.3005,0.3005,0.30934,0.31806,0.32476,0.33145,0.33523,0.33901,0.34059,0.34134,0.34107,0.33939,0.34467,0.35583,0.33314,0.2702,0.20903,0.16024,0.12235,0.095827,0.077902,0.065706,0.056897
-2.2,0.30499,0.30499,0.30499,0.30499,0.30499,0.30499,0.30572,0.30572,0.30499,0.30499,0.30572,0.30572,0.30572,0.30572,0.30572,0.30572,0.30572,0.30572,0.30572,0.30572,0.30572,0.30572,0.30572,0.30572,0.30572,0.30572,0.30572,0.30572,0.30572,0.30572,0.30572,0.30572,0.30572,0.30572,0.30572,0.30572,0.30572,0.30572,0.30572,0.30572,0.30572,0.30572,0.30572,0.31456,0.32332,0.33044,0.33757,0.34181,0.34606,0.34833,0.34987,0.35,0.34823,0.3498,0.36034,0.33955,0.28147,0.2209,0.17147,0.13177,0.10304,0.083382,0.070146,0.060376
-2,0.30998,0.30998,0.30998,0.30998,0.30998,0.30998,0.3107,0.3107,0.30998,0.30998,0.3107,0.3107,0.3107,0.3107,0.3107,0.3107,0.3107,0.3107,0.3107,0.3107,0.3107,0.3107,0.3107,0.3107,0.3107,0.3107,0.3107,0.3107,0.3107,0.3107,0.3107,0.3107,0.3107,0.3107,0.3107,0.3107,0.3107,0.3107,0.3107,0.3107,0.3107,0.3107,0.3107,0.31946,0.32815,0.33545,0.34276,0.3475,0.35225,0.35533,0.35778,0.35853,0.35707,0.35512,0.3653,0.34576,0.29198,0.23231,0.18248,0.14131,0.11058,0.089128,0.074509,0.063889
-1.8,0.31468,0.31468,0.31468,0.31468,0.31468,0.31468,0.31538,0.31538,0.31468,0.31468,0.31538,0.31538,0.31538,0.31538,0.31538,0.31538,0.31538,0.31538,0.31538,0.31538,0.31538,0.31538,0.31538,0.31538,0.31538,0.31538,0.31538,0.31538,0.31538,0.31538,0.31538,0.31538,0.31538,0.31538,0.31538,0.31538,0.31538,0.31538,0.31538,0.31538,0.31538,0.31538,0.31538,0.32407,0.3327,0.34002,0.34734,0.3525,0.35765,0.36151,0.36488,0.36627,0.36516,0.36083,0.36946,0.35175,0.30176,0.24315,0.19317,0.15121,0.11865,0.095175,0.078839,0.067493
-1.6,0.31924,0.31924,0.31924,0.31924,0.31924,0.31924,0.31993,0.31993,0.31924,0.31924,0.31993,0.31993,0.31993,0.31993,0.31993,0.31993,0.31993,0.31993,0.31993,0.31993,0.31993,0.31993,0.31993,0.31993,0.31993,0.31993,0.31993,0.31993,0.31993,0.31993,0.31993,0.31993,0.31993,0.31993,0.31993,0.31993,0.31993,0.31993,0.31993,0.31993,0.31993,0.31993,0.31993,0.32847,0.33697,0.3443,0.35162,0.35729,0.36295,0.36716,0.37083,0.37272,0.37246,0.3669,0.37346,0.35724,0.31072,0.2535,0.20361,0.16069,0.12667,0.10163,0.083823,0.071465
-1.4,0.32372,0.32372,0.32372,0.32372,0.32372,0.32372,0.32439,0.32439,0.32372,0.32372,0.32439,0.32439,0.32439,0.32439,0.32439,0.32439,0.32439,0.32439,0.32439,0.32439,0.32439,0.32439,0.32439,0.32439,0.32439,0.32439,0.32439,0.32439,0.32439,0.32439,0.32439,0.32439,0.32439,0.32439,0.32439,0.32439,0.32439,0.32439,0.32439,0.32439,0.32439,0.32439,0.32439,0.33277,0.34111,0.34835,0.3556,0.36158,0.36757,0.37191,0.37563,0.37805,0.37901,0.37333,0.37735,0.36287,0.31944,0.26346,0.21368,0.1702,0.13491,0.10822,0.088671,0.075525
-1.2,0.32811,0.32811,0.32811,0.32811,0.32811,0.32811,0.32876,0.32876,0.32811,0.32811,0.32876,0.32876,0.32876,0.32876,0.32876,0.32876,0.32876,0.32876,0.32876,0.32876,0.32876,0.32876,0.32876,0.32876,0.32876,0.32876,0.32876,0.32876,0.32876,0.32876,0.32876,0.32876,0.32876,0.32876,0.32876,0.32876,0.32876,0.32876,0.32876,0.32876,0.32876,0.32876,0.32876,0.337,0.34519,0.35231,0.35944,0.36545,0.37145,0.37603,0.38007,0.38306,0.38502,0.37987,0.38111,0.36804,0.32737,0.27278,0.22338,0.1796,0.1432,0.11498,0.093802,0.079696
-1,0.33248,0.33248,0.33248,0.33248,0.33248,0.33248,0.33311,0.33311,0.33248,0.33248,0.33311,0.33311,0.33311,0.33311,0.33311,0.33311,0.33311,0.33311,0.33311,0.33311,0.33311,0.33311,0.33311,0.33311,0.33311,0.33311,0.33311,0.33311,0.33311,0.33311,0.33311,0.33311,0.33311,0.33311,0.33311,0.33311,0.33311,0.33311,0.33311,0.33311,0.33311,0.33311,0.33311,0.34117,0.34919,0.35622,0.36325,0.36921,0.37517,0.37997,0.38433,0.38771,0.39022,0.38652,0.38472,0.37486,0.33602,0.28148,0.23264,0.18881,0.1516,0.12203,0.099281,0.084018
-0.8,0.33687,0.33687,0.33687,0.33687,0.33687,0.33687,0.33748,0.33748,0.33687,0.33687,0.33748,0.33748,0.33748,0.33748,0.33748,0.33748,0.33748,0.33748,0.33748,0.33748,0.33748,0.33748,0.33748,0.33748,0.33748,0.33748,0.33748,0.33748,0.33748,0.33748,0.33748,0.33748,0.33748,0.33748,0.33748,0.33748,0.33748,0.33748,0.33748,0.33748,0.33748,0.33748,0.33748,0.34529,0.35309,0.36006,0.36702,0.37291,0.37879,0.38379,0.38845,0.39212,0.39496,0.39289,0.3883,0.37786,0.34162,0.28969,0.24144,0.1977,0.16005,0.12942,0.10511,0.088433
-0.6,0.34125,0.34125,0.34125,0.34125,0.34125,0.34125,0.34184,0.34184,0.34125,0.34125,0.34184,0.34184,0.34184,0.34184,0.34184,0.34184,0.34184,0.34184,0.34184,0.34184,0.34184,0.34184,0.34184,0.34184,0.34184,0.34184,0.34184,0.34184,0.34184,0.34184,0.34184,0.34184,0.34184,0.34184,0.34184,0.34184,0.34184,0.34184,0.34184,0.34184,0.34184,0.34184,0.34184,0.34939,0.35693,0.36384,0.37075,0.37656,0.38238,0.3875,0.39236,0.39619,0.39911,0.3987,0.39181,0.3821,0.34818,0.29735,0.24994,0.20626,0.16813,0.13661,0.1112,0.092976
-0.4,0.34568,0.34568,0.34568,0.34568,0.34568,0.34568,0.34625,0.34625,0.34568,0.34568,0.34625,0.34625,0.34625,0.34625,0.34625,0.34625,0.34625,0.34625,0.34625,0.34625,0.34625,0.34625,0.34625,0.34625,0.34625,0.34625,0.34625,0.34625,0.34625,0.34625,0.34625,0.34625,0.34625,0.34625,0.34625,0.34625,0.34625,0.34625,0.34625,0.34625,0.34625,0.34625,0.34625,0.35353,0.36082,0.36765,0.37447,0.38022,0.38597,0.39125,0.39634,0.4003,0.40327,0.4041,0.39519,0.38475,0.3532,0.30452,0.25807,0.21454,0.17619,0.14399,0.11743,0.09796
-0.2,0.35009,0.35009,0.35009,0.35009,0.35009,0.35009,0.35064,0.35064,0.35009,0.35009,0.35064,0.35064,0.35064,0.35064,0.35064,0.35064,0.35064,0.35064,0.35064,0.35064,0.35064,0.35064,0.35064,0.35064,0.35064,0.35064,0.35064,0.35064,0.35064,0.35064,0.35064,0.35064,0.35064,0.35064,0.35064,0.35064,0.35064,0.35064,0.35064,0.35064,0.35064,0.35064,0.35064,0.35774,0.36484,0.37147,0.37809,0.38383,0.38956,0.39491,0.4001,0.40414,0.40714,0.40914,0.39843,0.38773,0.35787,0.31123,0.26578,0.22254,0.1841,0.15132,0.12377,0.10297
0,0.35451,0.35451,0.35451,0.35451,0.35451,0.35451,0.35505,0.35505,0.35451,0.35451,0.35505,0.35505,0.35505,0.35505,0.35505,0.35505,0.35505,0.35505,0.35505,0.35505,0.35505,0.35505,0.35505,0.35505,0.35505,0.35505,0.35505,0.35505,0.35505,0.35505,0.35505,0.35505,0.35505,0.35505,0.35505,0.35505,0.35505,0.35505,0.35505,0.35505,0.35505,0.35505,0.35505,0.36197,0.36888,0.37525,0.38163,0.38738,0.39313,0.39838,0.40343,0.40741,0.41046,0.41375,0.40164,0.39014,0.36225,0.31753,0.273,0.23012,0.19172,0.15859,0.13032,0.10815
0.2,0.35888,0.35888,0.35888,0.35888,0.35888,0.35888,0.35941,0.35941,0.35888,0.35888,0.35941,0.35941,0.35941,0.35941,0.35941,0.35941,0.35941,0.35941,0.35941,0.35941,0.35941,0.35941,0.35941,0.35941,0.35941,0.35941,0.35941,0.35941,0.35941,0.35941,0.35941,0.35941,0.35941,0.35941,0.35941,0.35941,0.35941,0.35941,0.35941,0.35941,0.35941,0.35941,0.35941,0.36618,0.37293,0.37907,0.3852,0.39078,0.39636,0.40139,0.40621,0.41007,0.41316,0.41777,0.40486,0.39242,0.36637,0.32339,0.27983,0.23742,0.19912,0.16579,0.13715,0.11359
0.4,0.36303,0.36303,0.36303,0.36303,0.36303,0.36303,0.36356,0.36356,0.36303,0.36303,0.36356,0.36356,0.36356,0.36356,0.36356,0.36356,0.36356,0.36356,0.36356,0.36356,0.36356,0.36356,0.36356,0.36356,0.36356,0.36356,0.36356,0.36356,0.36356,0.36356,0.36356,0.36356,0.36356,0.36356,0.36356,0.36356,0.36356,0.36356,0.36356,0.36356,0.36356,0.36356,0.36356,0.37016,0.37673,0.38262,0.38851,0.39378,0.39906,0.40383,0.40842,0.41216,0.41524,0.42105,0.40792,0.39463,0.37026,0.32888,0.28627,0.2444,0.20623,0.17271,0.14367,0.11908
0.6,0.36667,0.36667,0.36667,0.36667,0.36667,0.36667,0.3672,0.3672,0.36667,0.36667,0.3672,0.3672,0.3672,0.3672,0.3672,0.3672,0.3672,0.3672,0.3672,0.3672,0.3672,0.3672,0.3672,0.3672,0.3672,0.3672,0.3672,0.3672,0.3672,0.3672,0.3672,0.3672,0.3672,0.3672,0.3672,0.3672,0.3672,0.3672,0.3672,0.3672,0.3672,0.3672,0.3672,0.37361,0.37999,0.38562,0.39126,0.39622,0.40118,0.40572,0.41009,0.41369,0.41671,0.4235,0.41094,0.39673,0.3743,0.3341,0.29227,0.25107,0.21309,0.17952,0.15033,0.12472
0.8,0.36945,0.36945,0.36945,0.36945,0.36945,0.36945,0.36997,0.36997,0.36945,0.36945,0.36997,0.36997,0.36997,0.36997,0.36997,0.36997,0.36997,0.36997,0.36997,0.36997,0.36997,0.36997,0.36997,0.36997,0.36997,0.36997,0.36997,0.36997,0.36997,0.36997,0.36997,0.36997,0.36997,0.36997,0.36997,0.36997,0.36997,0.36997,0.36997,0.36997,0.36997,0.36997,0.36997,0.37628,0.38256,0.38795,0.39334,0.39801,0.40268,0.407,0.41119,0.41469,0.41773,0.42511,0.41379,0.39875,0.37782,0.33891,0.29787,0.25741,0.21971,0.18613,0.15684,0.13037
1,0.37121,0.37121,0.37121,0.37121,0.37121,0.37121,0.37174,0.37174,0.37121,0.37121,0.37174,0.37174,0.37174,0.37174,0.37174,0.37174,0.37174,0.37174,0.37174,0.37174,0.37174,0.37174,0.37174,0.37174,0.37174,0.37174,0.37174,0.37174,0.37174,0.37174,0.37174,0.37174,0.37174,0.37174,0.37174,0.37174,0.37174,0.37174,0.37174,0.37174,0.37174,0.37174,0.37174,0.37803,0.38427,0.38951,0.39475,0.39916,0.40357,0.40771,0.41175,0.41514,0.41814,0.42607,0.41634,0.40065,0.38184,0.34357,0.30317,0.26342,0.22601,0.19251,0.16321,0.13603
1.2,0.3719,0.3719,0.3719,0.3719,0.3719,0.3719,0.37243,0.37243,0.3719,0.3719,0.37243,0.37243,0.37243,0.37243,0.37243,0.37243,0.37243,0.37243,0.37243,0.37243,0.37243,0.37243,0.37243,0.37243,0.37243,0.37243,0.37243,0.37243,0.37243,0.37243,0.37243,0.37243,0.37243,0.37243,0.37243,0.37243,0.37243,0.37243,0.37243,0.37243,0.37243,0.37243,0.37243,0.37879,0.38508,0.39026,0.39544,0.39968,0.40392,0.4079,0.41178,0.41508,0.41803,0.42635,0.41846,0.40289,0.38512,0.3477,0.3081,0.26905,0.23203,0.19868,0.16939,0.14186
1.4,0.37143,0.37143,0.37143,0.37143,0.37143,0.37143,0.37198,0.37198,0.37143,0.37143,0.37198,0.37198,0.37198,0.37198,0.37198,0.37198,0.37198,0.37198,0.37198,0.37198,0.37198,0.37198,0.37198,0.37198,0.37198,0.37198,0.37198,0.37198,0.37198,0.37198,0.37198,0.37198,0.37198,0.37198,0.37198,0.37198,0.37198,0.37198,0.37198,0.37198,0.37198,0.37198,0.37198,0.37845,0.38486,0.39011,0.39536,0.39953,0.40369,0.40755,0.41129,0.41447,0.41733,0.426,0.42008,0.40417,0.3861,0.35091,0.31263,0.27437,0.23781,0.20462,0.17529,0.14752
1.6,0.36978,0.36978,0.36978,0.36978,0.36978,0.36978,0.37036,0.37036,0.36978,0.36978,0.37036,0.37036,0.37036,0.37036,0.37036,0.37036,0.37036,0.37036,0.37036,0.37036,0.37036,0.37036,0.37036,0.37036,0.37036,0.37036,0.37036,0.37036,0.37036,0.37036,0.37036,0.37036,0.37036,0.37036,0.37036,0.37036,0.37036,0.37036,0.37036,0.37036,0.37036,0.37036,0.37036,0.37703,0.38363,0.38905,0.39447,0.39865,0.40284,0.40663,0.41027,0.41337,0.41616,0.42505,0.42109,0.40585,0.38759,0.35395,0.3169,0.27936,0.24332,0.21038,0.18105,0.15308
1.8,0.36686,0.36686,0.36686,0.36686,0.36686,0.36686,0.36747,0.36747,0.36686,0.36686,0.36747,0.36747,0.36747,0.36747,0.36747,0.36747,0.36747,0.36747,0.36747,0.36747,0.36747,0.36747,0.36747,0.36747,0.36747,0.36747,0.36747,0.36747,0.36747,0.36747,0.36747,0.36747,0.36747,0.36747,0.36747,0.36747,0.36747,0.36747,0.36747,0.36747,0.36747,0.36747,0.36747,0.37445,0.38136,0.38702,0.39268,0.39698,0.40128,0.40508,0.40869,0.41176,0.41451,0.42358,0.42146,0.40691,0.38873,0.3569,0.32086,0.28407,0.24857,0.21589,0.18664,0.1586
2,0.36264,0.36264,0.36264,0.36264,0.36264,0.36264,0.36328,0.36328,0.36264,0.36264,0.36328,0.36328,0.36328,0.36328,0.36328,0.36328,0.36328,0.36328,0.36328,0.36328,0.36328,0.36328,0.36328,0.36328,0.36328,0.36328,0.36328,0.36328,0.36328,0.36328,0.36328,0.36328,0.36328,0.36328,0.36328,0.36328,0.36328,0.36328,0.36328,0.36328,0.36328,0.36328,0.36328,0.37066,0.37797,0.38394,0.3899,0.39443,0.39895,0.40286,0.40653,0.40964,0.41239,0.42173,0.42118,0.40762,0.38977,0.35965,0.32441,0.28847,0.25353,0.22111,0.19195,0.16393
2.2,0.35719,0.35719,0.35719,0.35719,0.35719,0.35719,0.35786,0.35786,0.35719,0.35719,0.35786,0.35786,0.35786,0.35786,0.35786,0.35786,0.35786,0.35786,0.35786,0.35786,0.35786,0.35786,0.35786,0.35786,0.35786,0.35786,0.35786,0.35786,0.35786,0.35786,0.35786,0.35786,0.35786,0.35786,0.35786,0.35786,0.35786,0.35786,0.35786,0.35786,0.35786,0.35786,0.35786,0.36569,0.37345,0.37978,0.3861,0.39095,0.3958,0.39991,0.40376,0.40697,0.40978,0.41947,0.42026,0.40794,0.39066,0.36226,0.32783,0.29261,0.2582,0.2261,0.19712,0.16909
2.4,0.35065,0.35065,0.35065,0.35065,0.35065,0.35065,0.35135,0.35135,0.35065,0.35065,0.35135,0.35135,0.35135,0.35135,0.35135,0.35135,0.35135,0.35135,0.35135,0.35135,0.35135,0.35135,0.35135,0.35135,0.35135,0.35135,0.35135,0.35135,0.35135,0.35135,0.35135,0.35135,0.35135,0.35135,0.35135,0.35135,0.35135,0.35135,0.35135,0.35135,0.35135,0.35135,0.35135,0.35963,0.36783,0.37458,0.38134,0.38656,0.39179,0.3962,0.40032,0.40373,0.40666,0.41678,0.41874,0.40783,0.39133,0.36476,0.33092,0.29637,0.26259,0.23088,0.20212,0.1741
2.6,0.34298,0.34298,0.34298,0.34298,0.34298,0.34298,0.34372,0.34372,0.34298,0.34298,0.34372,0.34372,0.34372,0.34372,0.34372,0.34372,0.34372,0.34372,0.34372,0.34372,0.34372,0.34372,0.34372,0.34372,0.34372,0.34372,0.34372,0.34372,0.34372,0.34372,0.34372,0.34372,0.34372,0.34372,0.34372,0.34372,0.34372,0.34372,0.34372,0.34372,0.34372,0.34372,0.34372,0.35247,0.36115,0.36835,0.37556,0.38122,0.38688,0.39168,0.39616,0.39985,0.40297,0.41365,0.41664,0.40725,0.39176,0.36708,0.33381,0.29989,0.26671,0.23543,0.20694,0.17894
2.8,0.33418,0.33418,0.33418,0.33418,0.33418,0.33418,0.33495,0.33495,0.33418,0.33418,0.33495,0.33495,0.33495,0.33495,0.33495,0.33495,0.33495,0.33495,0.33495,0.33495,0.33495,0.33495,0.33495,0.33495,0.33495,0.33495,0.33495,0.33495,0.33495,0.33495,0.33495,0.33495,0.33495,0.33495,0.33495,0.33495,0.33495,0.33495,0.33495,0.33495,0.33495,0.33495,0.33495,0.34419,0.35337,0.36105,0.36874,0.37487,0.38099,0.38626,0.39119,0.39525,0.39866,0.41017,0.41408,0.40623,0.39185,0.36938,0.33653,0.30315,0.27059,0.23974,0.21152,0.18357
3,0.32432,0.32432,0.32432,0.32432,0.32432,0.32432,0.32512,0.32512,0.32432,0.32432,0.32512,0.32512,0.32512,0.32512,0.32512,0.32512,0.32512,0.32512,0.32512,0.32512,0.32512,0.32512,0.32512,0.32512,0.32512,0.32512,0.32512,0.32512,0.32512,0.32512,0.32512,0.32512,0.32512,0.32512,0.32512,0.32512,0.32512,0.32512,0.32512,0.32512,0.32512,0.32512,0.32512,0.33486,0.34453,0.35272,0.36091,0.36751,0.37412,0.37988,0.38533,0.38982,0.3936,0.4063,0.4111,0.40474,0.39157,0.37352,0.33967,0.30619,0.27421,0.24386,0.21597,0.18807
3.2,0.31357,0.31357,0.31357,0.31357,0.31357,0.31357,0.31439,0.31439,0.31357,0.31357,0.31439,0.31439,0.31439,0.31439,0.31439,0.31439,0.31439,0.31439,0.31439,0.31439,0.31439,0.31439,0.31439,0.31439,0.31439,0.31439,0.31439,0.31439,0.31439,0.31439,0.31439,0.31439,0.31439,0.31439,0.31439,0.31439,0.31439,0.31439,0.31439,0.31439,0.31439,0.31439,0.31439,0.32459,0.33472,0.3434,0.35208,0.35918,0.36629,0.37258,0.37857,0.38352,0.38775,0.40201,0.4077,0.40279,0.3915,0.37383,0.34166,0.30896,0.27756,0.24771,0.22014,0.19236
3.4,0.30221,0.30221,0.30221,0.30221,0.30221,0.30221,0.30304,0.30304,0.30221,0.30221,0.30304,0.30304,0.30304,0.30304,0.30304,0.30304,0.30304,0.30304,0.30304,0.30304,0.30304,0.30304,0.30304,0.30304,0.30304,0.30304,0.30304,0.30304,0.30304,0.30304,0.30304,0.30304,0.30304,0.30304,0.30304,0.30304,0.30304,0.30304,0.30304,0.30304,0.30304,0.30304,0.30304,0.31353,0.32398,0.33316,0.34233,0.34993,0.35754,0.36436,0.37089,0.37635,0.38107,0.39727,0.4039,0.4004,0.39036,0.37365,0.34346,0.3115,0.28065,0.2513,0.22408,0.1965
3.6,0.29027,0.29027,0.29027,0.29027,0.29027,0.29027,0.29112,0.29112,0.29027,0.29027,0.29112,0.29112,0.29112,0.29112,0.29112,0.29112,0.29112,0.29112,0.29112,0.29112,0.29112,0.29112,0.29112,0.29112,0.29112,0.29112,0.29112,0.29112,0.29112,0.29112,0.29112,0.29112,0.29112,0.29112,0.29112,0.29112,0.29112,0.29112,0.29112,0.29112,0.29112,0.29112,0.29112,0.3019,0.31264,0.32219,0.33174,0.33982,0.3479,0.35526,0.36235,0.36832,0.37358,0.39194,0.39972,0.39762,0.38884,0.37318,0.34515,0.31397,0.28361,0.25474,0.22789,0.20049
3.8,0.27796,0.27796,0.27796,0.27796,0.27796,0.27796,0.27882,0.27882,0.27796,0.27796,0.27882,0.27882,0.27882,0.27882,0.27882,0.27882,0.27882,0.27882,0.27882,0.27882,0.27882,0.27882,0.27882,0.27882,0.27882,0.27882,0.27882,0.27882,0.27882,0.27882,0.27882,0.27882,0.27882,0.27882,0.27882,0.27882,0.27882,0.27882,0.27882,0.27882,0.27882,0.27882,0.27882,0.28978,0.30072,0.31056,0.32041,0.32894,0.33747,0.34535,0.35298,0.35946,0.36526,0.38601,0.39515,0.39444,0.38692,0.37239,0.34645,0.31618,0.28629,0.25787,0.23145,0.2043
4,0.26523,0.26523,0.26523,0.26523,0.26523,0.26523,0.26611,0.26611,0.26523,0.26523,0.26611,0.26611,0.26611,0.26611,0.26611,0.26611,0.26611,0.26611,0.26611,0.26611,0.26611,0.26611,0.26611,0.26611,0.26611,0.26611,0.26611,0.26611,0.26611,0.26611,0.26611,0.26611,0.26611,0.26611,0.26611,0.26611,0.26611,0.26611,0.26611,0.26611,0.26611,0.26611,0.26611,0.27729,0.28846,0.29853,0.3086,0.31746,0.32632,0.33467,0.34282,0.34981,0.35615,0.37936,0.39014,0.39091,0.38463,0.37127,0.34754,0.31812,0.28876,0.26084,0.23483,0.20794
4.2,0.25213,0.25213,0.25213,0.25213,0.25213,0.25213,0.25303,0.25303,0.25213,0.25213,0.25303,0.25303,0.25303,0.25303,0.25303,0.25303,0.25303,0.25303,0.25303,0.25303,0.25303,0.25303,0.25303,0.25303,0.25303,0.25303,0.25303,0.25303,0.25303,0.25303,0.25303,0.25303,0.25303,0.25303,0.25303,0.25303,0.25303,0.25303,0.25303,0.25303,0.25303,0.25303,0.25303,0.26442,0.27579,0.28607,0.29635,0.3055,0.31464,0.32339,0.332,0.33944,0.3463,0.37204,0.38472,0.387,0.38197,0.36985,0.34837,0.32,0.29111,0.2636,0.23804,0.21142
4.4,0.23864,0.23864,0.23864,0.23864,0.23864,0.23864,0.23957,0.23957,0.23864,0.23864,0.23957,0.23957,0.23957,0.23957,0.23957,0.23957,0.23957,0.23957,0.23957,0.23957,0.23957,0.23957,0.23957,0.23957,0.23957,0.23957,0.23957,0.23957,0.23957,0.23957,0.23957,0.23957,0.23957,0.23957,0.23957,0.23957,0.23957,0.23957,0.23957,0.23957,0.23957,0.23957,0.23957,0.25123,0.26288,0.27335,0.28383,0.29319,0.30254,0.3116,0.32054,0.32837,0.33575,0.36405,0.37884,0.38272,0.37897,0.36814,0.34881,0.32147,0.29314,0.26612,0.24103,0.21471
4.6,0.22481,0.22481,0.22481,0.22481,0.22481,0.22481,0.22575,0.22575,0.22481,0.22481,0.22575,0.22575,0.22575,0.22575,0.22575,0.22575,0.22575,0.22575,0.22575,0.22575,0.22575,0.22575,0.22575,0.22575,0.22575,0.22575,0.22575,0.22575,0.22575,0.22575,0.22575,0.22575,0.22575,0.22575,0.22575,0.22575,0.22575,0.22575,0.22575,0.22575,0.22575,0.22575,0.22575,0.23769,0.24961,0.26032,0.27104,0.2806,0.29017,0.29949,0.30873,0.31688,0.32467,0.35538,0.37255,0.37804,0.37563,0.36614,0.34896,0.32282,0.29508,0.26849,0.24379,0.21781
4.8,0.21087,0.21087,0.21087,0.21087,0.21087,0.21087,0.21182,0.21182,0.21087,0.21087,0.21182,0.21182,0.21182,0.21182,0.21182,0.21182,0.21182,0.21182,0.21182,0.21182,0.21182,0.21182,0.21182,0.21182,0.21182,0.21182,0.21182,0.21182,0.21182,0.21182,0.21182,0.21182,0.21182,0.21182,0.21182,0.21182,0.21182,0.21182,0.21182,0.21182,0.21182,0.21182,0.21182,0.22395,0.23606,0.24702,0.25799,0.26775,0.27751,0.28706,0.29654,0.30496,0.31309,0.34608,0.36578,0.37294,0.37194,0.36381,0.34913,0.32394,0.29674,0.27064,0.24634,0.2207
5,0.19675,0.19675,0.19675,0.19675,0.19675,0.19675,0.19772,0.19772,0.19675,0.19675,0.19772,0.19772,0.19772,0.19772,0.19772,0.19772,0.19772,0.19772,0.19772,0.19772,0.19772,0.19772,0.19772,0.19772,0.19772,0.19772,0.19772,0.19772,0.19772,0.19772,0.19772,0.19772,0.19772,0.19772,0.19772,0.19772,0.19772,0.19772,0.19772,0.19772,0.19772,0.19772,0.19772,0.21003,0.22233,0.23351,0.2447,0.25468,0.26467,0.27445,0.28415,0.29281,0.30123,0.33617,0.35834,0.36741,0.36793,0.36191,0.35031,0.32518,0.29828,0.27275,0.24879,0.22351
5.2,0.18252,0.18252,0.18252,0.18252,0.18252,0.18252,0.18349,0.18349,0.18252,0.18252,0.18349,0.18349,0.18349,0.18349,0.18349,0.18349,0.18349,0.18349,0.18349,0.18349,0.18349,0.18349,0.18349,0.18349,0.18349,0.18349,0.18349,0.18349,0.18349,0.18349,0.18349,0.18349,0.18349,0.18349,0.18349,0.18349,0.18349,0.18349,0.18349,0.18349,0.18349,0.18349,0.18349,0.196,0.20849,0.21983,0.23117,0.24138,0.25159,0.2616,0.27153,0.28041,0.28908,0.32573,0.35037,0.3614,0.36357,0.35889,0.34831,0.32524,0.29953,0.27455,0.25093,0.22607
5.4,0.16832,0.16832,0.16832,0.16832,0.16832,0.16832,0.16931,0.16931,0.16832,0.16832,0.16931,0.16931,0.16931,0.16931,0.16931,0.16931,0.16931,0.16931,0.16931,0.16931,0.16931,0.16931,0.16931,0.16931,0.16931,0.16931,0.16931,0.16931,0.16931,0.16931,0.16931,0.16931,0.16931,0.16931,0.16931,0.16931,0.16931,0.16931,0.16931,0.16931,0.16931,0.16931,0.16931,0.18196,0.19461,0.20612,0.21764,0.228,0.23837,0.24858,0.25874,0.26784,0.27674,0.3149,0.34168,0.35491,0.35886,0.35556,0.34605,0.32484,0.30051,0.27627,0.25301,0.22854
5.6,0.1541,0.1541,0.1541,0.1541,0.1541,0.1541,0.1551,0.1551,0.1541,0.1541,0.1551,0.1551,0.1551,0.1551,0.1551,0.1551,0.1551,0.1551,0.1551,0.1551,0.1551,0.1551,0.1551,0.1551,0.1551,0.1551,0.1551,0.1551,0.1551,0.1551,0.1551,0.1551,0.1551,0.1551,0.1551,0.1551,0.1551,0.1551,0.1551,0.1551,0.1551,0.1551,0.1551,0.16789,0.18067,0.19234,0.20401,0.21453,0.22506,0.23545,0.2458,0.25509,0.26423,0.30372,0.33244,0.3479,0.35376,0.35192,0.34352,0.32434,0.30128,0.2777,0.25491,0.23081
5.8,0.13979,0.13979,0.13979,0.13979,0.13979,0.13979,0.14079,0.14079,0.13979,0.13979,0.14079,0.14079,0.14079,0.14079,0.14079,0.14079,0.14079,0.14079,0.14079,0.14079,0.14079,0.14079,0.14079,0.14079,0.14079,0.14079,0.14079,0.14079,0.14079,0.14079,0.14079,0.14079,0.14079,0.14079,0.14079,0.14079,0.14079,0.14079,0.14079,0.14079,0.14079,0.14079,0.14079,0.1538,0.16678,0.17855,0.19031,0.201,0.21169,0.22224,0.23274,0.2422,0.25156,0.2923,0.32272,0.34042,0.34825,0.34797,0.34073,0.32337,0.3017,0.27899,0.25675,0.23297
6,0.12558,0.12558,0.12558,0.12558,0.12558,0.12558,0.12659,0.12659,0.12558,0.12558,0.12659,0.12659,0.12659,0.12659,0.12659,0.12659,0.12659,0.12659,0.12659,0.12659,0.12659,0.12659,0.12659,0.12659,0.12659,0.12659,0.12659,0.12659,0.12659,0.12659,0.12659,0.12659,0.12659,0.12659,0.12659,0.12659,0.12659,0.12659,0.12659,0.12659,0.12659,0.12659,0.12659,0.13973,0.15285,0.16479,0.17674,0.18754,0.19834,0.20903,0.21969,0.22931,0.23883,0.28069,0.31256,0.3325,0.34229,0.34371,0.3377,0.32233,0.30182,0.27986,0.25839,0.23493
6.2,0.11153,0.11153,0.11153,0.11153,0.11153,0.11153,0.11262,0.11262,0.11153,0.11153,0.11262,0.11262,0.11262,0.11262,0.11262,0.11262,0.11262,0.11262,0.11262,0.11262,0.11262,0.11262,0.11262,0.11262,0.11262,0.11262,0.11262,0.11262,0.11262,0.11262,0.11262,0.11262,0.11262,0.11262,0.11262,0.11262,0.11262,0.11262,0.11262,0.11262,0.11262,0.11262,0.11262,0.12575,0.13888,0.151,0.16313,0.17406,0.18499,0.19582,0.20662,0.21637,0.22603,0.26893,0.30215,0.32414,0.33589,0.33911,0.3344,0.32082,0.30166,0.28061,0.25985,0.23673
6.4,0.09659,0.09659,0.09659,0.09659,0.09659,0.09659,0.09771,0.09771,0.09659,0.09659,0.09771,0.09771,0.09771,0.09771,0.09771,0.09771,0.09771,0.09771,0.09771,0.09771,0.09771,0.09771,0.09771,0.09771,0.09771,0.09771,0.09771,0.09771,0.09771,0.09771,0.09771,0.09771,0.09771,0.09771,0.09771,0.09771,0.09771,0.09771,0.09771,0.09771,0.09771,0.09771,0.09771,0.11151,0.12526,0.13737,0.14949,0.16059,0.1717,0.18265,0.19355,0.20342,0.21324,0.25705,0.29149,0.31529,0.32904,0.33416,0.33086,0.31916,0.30121,0.28102,0.26111,0.2384
6.6,0.081217,0.081217,0.081217,0.081217,0.081217,0.081217,0.082364,0.082364,0.081217,0.081217,0.082364,0.082364,0.082364,0.082364,0.082364,0.082364,0.082364,0.082364,0.082364,0.082364,0.082364,0.082364,0.082364,0.082364,0.082364,0.082364,0.082364,0.082364,0.082364,0.082364,0.082364,0.082364,0.082364,0.082364,0.082364,0.082364,0.082364,0.082364,0.082364,0.082364,0.082364,0.082364,0.082364,0.096758,0.11109,0.12362,0.13614,0.14729,0.15843,0.16952,0.18058,0.19058,0.2005,0.24508,0.28067,0.30612,0.32176,0.3288,0.32704,0.31733,0.30062,0.28129,0.2622,0.23988
6.8,0.065822,0.065822,0.065822,0.065822,0.065822,0.065822,0.067013,0.067013,0.065822,0.065822,0.067013,0.067013,0.067013,0.067013,0.067013,0.067013,0.067013,0.067013,0.067013,0.067013,0.067013,0.067013,0.067013,0.067013,0.067013,0.067013,0.067013,0.067013,0.067013,0.067013,0.067013,0.067013,0.067013,0.067013,0.067013,0.067013,0.067013,0.067013,0.067013,0.067013,0.067013,0.067013,0.067013,0.081694,0.096342,0.10949,0.12264,0.13393,0.14522,0.15644,0.16763,0.17775,0.18777,0.23307,0.26972,0.29657,0.31406,0.32303,0.32369,0.31523,0.29954,0.28117,0.26294,0.24121
7,0.050092,0.050092,0.050092,0.050092,0.050092,0.050092,0.051325,0.051325,0.050092,0.050092,0.051325,0.051325,0.051325,0.051325,0.051325,0.051325,0.051325,0.051325,0.051325,0.051325,0.051325,0.051325,0.051325,0.051325,0.051325,0.051325,0.051325,0.051325,0.051325,0.051325,0.051325,0.051325,0.051325,0.051325,0.051325,0.051325,0.051325,0.051325,0.051325,0.051325,0.051325,0.051325,0.051325,0.06651,0.081641,0.095025,0.10841,0.12027,0.13214,0.14353,0.15474,0.16493,0.17511,0.22106,0.25865,0.28678,0.30598,0.31688,0.3192,0.31445,0.29944,0.28094,0.26349,0.24236
7.2,0.034112,0.034112,0.034112,0.034112,0.034112,0.034112,0.035386,0.035386,0.034112,0.034112,0.035386,0.035386,0.035386,0.035386,0.035386,0.035386,0.035386,0.035386,0.035386,0.035386,0.035386,0.035386,0.035386,0.035386,0.035386,0.035386,0.035386,0.035386,0.035386,0.035386,0.035386,0.035386,0.035386,0.035386,0.035386,0.035386,0.035386,0.035386,0.035386,0.035386,0.035386,0.035386,0.035386,0.051087,0.066727,0.080484,0.094241,0.10639,0.11854,0.13031,0.14192,0.15235,0.16258,0.20909,0.2475,0.27682,0.29757,0.31034,0.31435,0.31116,0.29768,0.28036,0.26367,0.24336
7.4,0.017934,0.017934,0.017934,0.017934,0.017934,0.017934,0.01925,0.01925,0.017934,0.017934,0.01925,0.01925,0.01925,0.01925,0.01925,0.01925,0.01925,0.01925,0.01925,0.01925,0.01925,0.01925,0.01925,0.01925,0.01925,0.01925,0.01925,0.01925,0.01925,0.01925,0.01925,0.01925,0.01925,0.01925,0.01925,0.01925,0.01925,0.01925,0.01925,0.01925,0.01925,0.01925,0.01925,0.035444,0.051577,0.065781,0.079986,0.092381,0.10478,0.11692,0.12897,0.13968,0.15003,0.19716,0.23631,0.26674,0.28889,0.3034,0.3091,0.30731,0.29561,0.27973,0.26379,0.24418
7.6,0.0015743,0.0015743,0.0015743,0.0015743,0.0015743,0.0015743,0.002929,0.002929,0.0015743,0.0015743,0.002929,0.002929,0.002929,0.002929,0.002929,0.002929,0.002929,0.002929,0.002929,0.002929,0.002929,0.002929,0.002929,0.002929,0.002929,0.002929,0.002929,0.002929,0.002929,0.002929,0.002929,0.002929,0.002929,0.002929,0.002929,0.002929,0.002929,0.002929,0.002929,0.002929,0.002929,0.002929,0.002929,0.019636,0.036276,0.050902,0.065528,0.078313,0.091098,0.10346,0.11566,0.12662,0.13741,0.18527,0.22511,0.25657,0.28001,0.2961,0.30352,0.3032,0.29317,0.27865,0.26351,0.24474
7.8,-0.014904,-0.014904,-0.014904,-0.014904,-0.014904,-0.014904,-0.01352,-0.01352,-0.014904,-0.014904,-0.01352,-0.01352,-0.01352,-0.01352,-0.01352,-0.01352,-0.01352,-0.01352,-0.01352,-0.01352,-0.01352,-0.01352,-0.01352,-0.01352,-0.01352,-0.01352,-0.01352,-0.01352,-0.01352,-0.01352,-0.01352,-0.01352,-0.01352,-0.01352,-0.01352,-0.01352,-0.01352,-0.01352,-0.01352,-0.01352,-0.01352,-0.01352,-0.01352,0.003678,0.020809,0.035876,0.050943,0.064086,0.077229,0.089919,0.10244,0.11367,0.12468,0.17348,0.21394,0.2463,0.27093,0.2885,0.29758,0.2988,0.29063,0.27753,0.26311,0.24511
8,-0.031277,-0.031277,-0.031277,-0.031277,-0.031277,-0.031277,-0.029855,-0.029855,-0.031277,-0.031277,-0.029855,-0.029855,-0.029855,-0.029855,-0.029855,-0.029855,-0.029855,-0.029855,-0.029855,-0.029855,-0.029855,-0.029855,-0.029855,-0.029855,-0.029855,-0.029855,-0.029855,-0.029855,-0.029855,-0.029855,-0.029855,-0.029855,-0.029855,-0.029855,-0.029855,-0.029855,-0.029855,-0.029855,-0.029855,-0.029855,-0.029855,-0.029855,-0.029855,-0.01228,0.0052342,0.020729,0.036223,0.049735,0.063246,0.076293,0.089165,0.10065,0.11183,0.16181,0.2028,0.23597,0.2617,0.2806,0.29128,0.29407,0.28765,0.27598,0.26244,0.24519
8.2,-0.047668,-0.047668,-0.047668,-0.047668,-0.047668,-0.047668,-0.046204,-0.046204,-0.047668,-0.047668,-0.046204,-0.046204,-0.046204,-0.046204,-0.046204,-0.046204,-0.046204,-0.046204,-0.046204,-0.046204,-0.046204,-0.046204,-0.046204,-0.046204,-0.046204,-0.046204,-0.046204,-0.046204,-0.046204,-0.046204,-0.046204,-0.046204,-0.046204,-0.046204,-0.046204,-0.046204,-0.046204,-0.046204,-0.046204,-0.046204,-0.046204,-0.046204,-0.046204,-0.02821,-0.01028,0.0055673,0.021415,0.035297,0.04918,0.062569,0.075773,0.087565,0.099041,0.14996,0.19173,0.22565,0.25236,0.27251,0.28466,0.28904,0.28454,0.27433,0.26156,0.24518
8.4,-0.064171,-0.064171,-0.064171,-0.064171,-0.064171,-0.064171,-0.062655,-0.062655,-0.064171,-0.064171,-0.062655,-0.062655,-0.062655,-0.062655,-0.062655,-0.062655,-0.062655,-0.062655,-0.062655,-0.062655,-0.062655,-0.062655,-0.062655,-0.062655,-0.062655,-0.062655,-0.062655,-0.062655,-0.062655,-0.062655,-0.062655,-0.062655,-0.062655,-0.062655,-0.062655,-0.062655,-0.062655,-0.062655,-0.062655,-0.062655,-0.062655,-0.062655,-0.062655,-0.044158,-0.025736,-0.0095616,0.006613,0.020819,0.035025,0.048767,0.062336,0.074436,0.086182,0.13818,0.18068,0.21529,0.2429,0.26424,0.27777,0.2837,0.28102,0.27233,0.26053,0.24486
8.6,-0.080917,-0.080917,-0.080917,-0.080917,-0.080917,-0.080917,-0.079334,-0.079334,-0.080917,-0.080917,-0.079334,-0.079334,-0.079334,-0.079334,-0.079334,-0.079334,-0.079334,-0.079334,-0.079334,-0.079334,-0.079334,-0.079334,-0.079334,-0.079334,-0.079334,-0.079334,-0.079334,-0.079334,-0.079334,-0.079334,-0.079334,-0.079334,-0.079334,-0.079334,-0.079334,-0.079334,-0.079334,-0.079334,-0.079334,-0.079334,-0.079334,-0.079334,-0.079334,-0.060244,-0.041239,-0.024649,-0.008059,0.0064025,0.020864,0.034923,0.048832,0.061233,0.07327,0.12637,0.16978,0.20497,0.23338,0.25583,0.2706,0.2781,0.27739,0.27019,0.25915,0.24436
8.8,-0.098179,-0.098179,-0.098179,-0.098179,-0.098179,-0.098179,-0.09654,-0.09654,-0.098179,-0.098179,-0.09654,-0.09654,-0.09654,-0.09654,-0.09654,-0.09654,-0.09654,-0.09654,-0.09654,-0.09654,-0.09654,-0.09654,-0.09654,-0.09654,-0.09654,-0.09654,-0.09654,-0.09654,-0.09654,-0.09654,-0.09654,-0.09654,-0.09654,-0.09654,-0.09654,-0.09654,-0.09654,-0.09654,-0.09654,-0.09654,-0.09654,-0.09654,-0.09654,-0.076647,-0.056863,-0.039808,-0.022753,-0.0079584,0.0068361,0.021166,0.035322,0.047975,0.060307,0.11456,0.15896,0.19467,0.22385,0.24734,0.26323,0.27278,0.27366,0.26768,0.25775,0.24371
9,-0.1157,-0.1157,-0.1157,-0.1157,-0.1157,-0.1157,-0.11402,-0.11402,-0.1157,-0.1157,-0.11402,-0.11402,-0.11402,-0.11402,-0.11402,-0.11402,-0.11402,-0.11402,-0.11402,-0.11402,-0.11402,-0.11402,-0.11402,-0.11402,-0.11402,-0.11402,-0.11402,-0.11402,-0.11402,-0.11402,-0.11402,-0.11402,-0.11402,-0.11402,-0.11402,-0.11402,-0.11402,-0.11402,-0.11402,-0.11402,-0.11402,-0.11402,-0.11402,-0.093416,-0.072924,-0.055207,-0.03749,-0.022324,-0.0071582,0.0074558,0.021863,0.034757,0.047345,0.10281,0.14785,0.18445,0.21436,0.23875,0.25568,0.26656,0.27042,0.26626,0.25593,0.24276
9.2,-0.13324,-0.13324,-0.13324,-0.13324,-0.13324,-0.13324,-0.13151,-0.13151,-0.13324,-0.13324,-0.13151,-0.13151,-0.13151,-0.13151,-0.13151,-0.13151,-0.13151,-0.13151,-0.13151,-0.13151,-0.13151,-0.13151,-0.13151,-0.13151,-0.13151,-0.13151,-0.13151,-0.13151,-0.13151,-0.13151,-0.13151,-0.13151,-0.13151,-0.13151,-0.13151,-0.13151,-0.13151,-0.13151,-0.13151,-0.13151,-0.13151,-0.13151,-0.13151,-0.11033,-0.089246,-0.070884,-0.052523,-0.036861,-0.021199,-0.0062147,0.008516,0.021665,0.034451,0.091033,0.1369,0.17431,0.20487,0.23011,0.24801,0.26007,0.26564,0.26313,0.25409,0.24177
9.4,-0.15077,-0.15077,-0.15077,-0.15077,-0.15077,-0.15077,-0.14899,-0.14899,-0.15077,-0.15077,-0.14899,-0.14899,-0.14899,-0.14899,-0.14899,-0.14899,-0.14899,-0.14899,-0.14899,-0.14899,-0.14899,-0.14899,-0.14899,-0.14899,-0.14899,-0.14899,-0.14899,-0.14899,-0.14899,-0.14899,-0.14899,-0.14899,-0.14899,-0.14899,-0.14899,-0.14899,-0.14899,-0.14899,-0.14899,-0.14899,-0.14899,-0.14899,-0.14899,-0.12727,-0.10564,-0.08674,-0.06784,-0.051608,-0.035376,-0.019956,-0.0048407,0.008619,0.021657,0.079255,0.12609,0.16405,0.19536,0.22139,0.24022,0.25339,0.26025,0.25928,0.25197,0.24048
9.6,-0.16843,-0.16843,-0.16843,-0.16843,-0.16843,-0.16843,-0.16659,-0.16659,-0.16843,-0.16843,-0.16659,-0.16659,-0.16659,-0.16659,-0.16659,-0.16659,-0.16659,-0.16659,-0.16659,-0.16659,-0.16659,-0.16659,-0.16659,-0.16659,-0.16659,-0.16659,-0.16659,-0.16659,-0.16659,-0.16659,-0.16659,-0.16659,-0.16659,-0.16659,-0.16659,-0.16659,-0.16659,-0.16659,-0.16659,-0.16659,-0.16659,-0.16659,-0.16659,-0.14425,-0.12201,-0.10265,-0.083282,-0.066562,-0.049843,-0.033908,-0.018267,-0.0044059,0.0089193,0.067513,0.11523,0.15391,0.18595,0.21267,0.23234,0.24655,0.25459,0.25508,0.24945,0.23897
9.8,-0.18633,-0.18633,-0.18633,-0.18633,-0.18633,-0.18633,-0.18444,-0.18444,-0.18633,-0.18633,-0.18444,-0.18444,-0.18444,-0.18444,-0.18444,-0.18444,-0.18444,-0.18444,-0.18444,-0.18444,-0.18444,-0.18444,-0.18444,-0.18444,-0.18444,-0.18444,-0.18444,-0.18444,-0.18444,-0.18444,-0.18444,-0.18444,-0.18444,-0.18444,-0.18444,-0.18444,-0.18444,-0.18444,-0.18444,-0.18444,-0.18444,-0.18444,-0.18444,-0.1614,-0.13847,-0.11858,-0.098687,-0.081556,-0.064425,-0.048026,-0.031902,-0.017624,-0.0039158,0.055881,0.10441,0.14383,0.17648,0.20395,0.22439,0.23958,0.24872,0.2507,0.24692,0.23732
10,-0.20448,-0.20448,-0.20448,-0.20448,-0.20448,-0.20448,-0.20253,-0.20253,-0.20448,-0.20448,-0.20253,-0.20253,-0.20253,-0.20253,-0.20253,-0.20253,-0.20253,-0.20253,-0.20253,-0.20253,-0.20253,-0.20253,-0.20253,-0.20253,-0.20253,-0.20253,-0.20253,-0.20253,-0.20253,-0.20253,-0.20253,-0.20253,-0.20253,-0.20253,-0.20253,-0.20253,-0.20253,-0.20253,-0.20253,-0.20253,-0.20253,-0.20253,-0.20253,-0.17877,-0.15512,-0.13463,-0.11413,-0.096566,-0.079,-0.062182,-0.045645,-0.03097,-0.016834,0.044319,0.093606,0.13372,0.16701,0.19519,0.21638,0.2325,0.24268,0.24598,0.24377,0.2353
10.2,-0.22281,-0.22281,-0.22281,-0.22281,-0.22281,-0.22281,-0.2208,-0.2208,-0.22281,-0.22281,-0.2208,-0.2208,-0.2208,-0.2208,-0.2208,-0.2208,-0.2208,-0.2208,-0.2208,-0.2208,-0.2208,-0.2208,-0.2208,-0.2208,-0.2208,-0.2208,-0.2208,-0.2208,-0.2208,-0.2208,-0.2208,-0.2208,-0.2208,-0.2208,-0.2208,-0.2208,-0.2208,-0.2208,-0.2208,-0.2208,-0.2208,-0.2208,-0.2208,-0.19634,-0.172,-0.15087,-0.12974,-0.11167,-0.093595,-0.076358,-0.059434,-0.044399,-0.029891,0.032849,0.082827,0.12372,0.15765,0.1865,0.20838,0.22533,0.23649,0.24115,0.24064,0.23322
10.4,-0.24127,-0.24127,-0.24127,-0.24127,-0.24127,-0.24127,-0.2392,-0.2392,-0.24127,-0.24127,-0.2392,-0.2392,-0.2392,-0.2392,-0.2392,-0.2392,-0.2392,-0.2392,-0.2392,-0.2392,-0.2392,-0.2392,-0.2392,-0.2392,-0.2392,-0.2392,-0.2392,-0.2392,-0.2392,-0.2392,-0.2392,-0.2392,-0.2392,-0.2392,-0.2392,-0.2392,-0.2392,-0.2392,-0.2392,-0.2392,-0.2392,-0.2392,-0.2392,-0.21407,-0.18906,-0.16731,-0.14555,-0.12693,-0.1083,-0.090591,-0.07322,-0.057812,-0.042981,0.021373,0.072145,0.11374,0.14821,0.17782,0.20034,0.21809,0.23018,0.23606,0.23705,0.23075
10.6,-0.26,-0.26,-0.26,-0.26,-0.26,-0.26,-0.25786,-0.25786,-0.26,-0.26,-0.25786,-0.25786,-0.25786,-0.25786,-0.25786,-0.25786,-0.25786,-0.25786,-0.25786,-0.25786,-0.25786,-0.25786,-0.25786,-0.25786,-0.25786,-0.25786,-0.25786,-0.25786,-0.25786,-0.25786,-0.25786,-0.25786,-0.25786,-0.25786,-0.25786,-0.25786,-0.25786,-0.25786,-0.25786,-0.25786,-0.25786,-0.25786,-0.25786,-0.23198,-0.20622,-0.18389,-0.16155,-0.14237,-0.12319,-0.10496,-0.087078,-0.071253,-0.056072,0.009854,0.061634,0.10379,0.13888,0.16925,0.19235,0.21078,0.22424,0.23146,0.23337,0.22812
10.8,-0.2792,-0.2792,-0.2792,-0.2792,-0.2792,-0.2792,-0.27697,-0.27697,-0.2792,-0.2792,-0.27697,-0.27697,-0.27697,-0.27697,-0.27697,-0.27697,-0.27697,-0.27697,-0.27697,-0.27697,-0.27697,-0.27697,-0.27697,-0.27697,-0.27697,-0.27697,-0.27697,-0.27697,-0.27697,-0.27697,-0.27697,-0.27697,-0.27697,-0.27697,-0.27697,-0.27697,-0.27697,-0.27697,-0.27697,-0.27697,-0.27697,-0.27697,-0.27697,-0.25019,-0.22356,-0.2006,-0.17764,-0.15795,-0.13825,-0.11949,-0.10109,-0.084767,-0.069059,-0.0017276,0.051206,0.09391,0.12963,0.16068,0.18434,0.20343,0.21772,0.22606,0.22935,0.22528
11,-0.29905,-0.29905,-0.29905,-0.29905,-0.29905,-0.29905,-0.29671,-0.29671,-0.29905,-0.29905,-0.29671,-0.29671,-0.29671,-0.29671,-0.29671,-0.29671,-0.29671,-0.29671,-0.29671,-0.29671,-0.29671,-0.29671,-0.29671,-0.29671,-0.29671,-0.29671,-0.29671,-0.29671,-0.29671,-0.29671,-0.29671,-0.29671,-0.29671,-0.29671,-0.29671,-0.29671,-0.29671,-0.29671,-0.29671,-0.29671,-0.29671,-0.29671,-0.29671,-0.26889,-0.24123,-0.21753,-0.19383,-0.17363,-0.15342,-0.13416,-0.11525,-0.098515,-0.082476,-0.013322,0.040841,0.084135,0.1204,0.15196,0.17629,0.19606,0.21113,0.22076,0.22583,0.22231
11.2,-0.31992,-0.31992,-0.31992,-0.31992,-0.31992,-0.31992,-0.31748,-0.31748,-0.31992,-0.31992,-0.31748,-0.31748,-0.31748,-0.31748,-0.31748,-0.31748,-0.31748,-0.31748,-0.31748,-0.31748,-0.31748,-0.31748,-0.31748,-0.31748,-0.31748,-0.31748,-0.31748,-0.31748,-0.31748,-0.31748,-0.31748,-0.31748,-0.31748,-0.31748,-0.31748,-0.31748,-0.31748,-0.31748,-0.31748,-0.31748,-0.31748,-0.31748,-0.31748,-0.28834,-0.2594,-0.23484,-0.21028,-0.18948,-0.16867,-0.1489,-0.12952,-0.11236,-0.095873,-0.024933,0.030455,0.074448,0.11123,0.14348,0.16838,0.1887,0.20445,0.2154,0.22238,0.21936
11.4,-0.34154,-0.34154,-0.34154,-0.34154,-0.34154,-0.34154,-0.33902,-0.33902,-0.34154,-0.34154,-0.33902,-0.33902,-0.33902,-0.33902,-0.33902,-0.33902,-0.33902,-0.33902,-0.33902,-0.33902,-0.33902,-0.33902,-0.33902,-0.33902,-0.33902,-0.33902,-0.33902,-0.33902,-0.33902,-0.33902,-0.33902,-0.33902,-0.33902,-0.33902,-0.33902,-0.33902,-0.33902,-0.33902,-0.33902,-0.33902,-0.33902,-0.33902,-0.33902,-0.30863,-0.27844,-0.25279,-0.22713,-0.20563,-0.18412,-0.16377,-0.14387,-0.12625,-0.10935,-0.036564,0.020023,0.064859,0.10213,0.13492,0.1604,0.18131,0.19775,0.20962,0.21773,0.21583
11.6,-0.36337,-0.36337,-0.36337,-0.36337,-0.36337,-0.36337,-0.36078,-0.36078,-0.36337,-0.36337,-0.36078,-0.36078,-0.36078,-0.36078,-0.36078,-0.36078,-0.36078,-0.36078,-0.36078,-0.36078,-0.36078,-0.36078,-0.36078,-0.36078,-0.36078,-0.36078,-0.36078,-0.36078,-0.36078,-0.36078,-0.36078,-0.36078,-0.36078,-0.36078,-0.36078,-0.36078,-0.36078,-0.36078,-0.36078,-0.36078,-0.36078,-0.36078,-0.36078,-0.3294,-0.2982,-0.27143,-0.24466,-0.22228,-0.1999,-0.17887,-0.15834,-0.14022,-0.12292,-0.04829,0.009586,0.055328,0.093121,0.12642,0.15238,0.1739,0.19101,0.20359,0.21244,0.21186
11.8,-0.38531,-0.38531,-0.38531,-0.38531,-0.38531,-0.38531,-0.38265,-0.38265,-0.38531,-0.38531,-0.38265,-0.38265,-0.38265,-0.38265,-0.38265,-0.38265,-0.38265,-0.38265,-0.38265,-0.38265,-0.38265,-0.38265,-0.38265,-0.38265,-0.38265,-0.38265,-0.38265,-0.38265,-0.38265,-0.38265,-0.38265,-0.38265,-0.38265,-0.38265,-0.38265,-0.38265,-0.38265,-0.38265,-0.38265,-0.38265,-0.38265,-0.38265,-0.38265,-0.35038,-0.31828,-0.29057,-0.26287,-0.23951,-0.21616,-0.19432,-0.17307,-0.15436,-0.13657,-0.060086,-0.000782,0.045793,0.084176,0.11795,0.14452,0.16658,0.18425,0.19748,0.20702,0.20787
12,-0.40725,-0.40725,-0.40725,-0.40725,-0.40725,-0.40725,-0.40452,-0.40452,-0.40725,-0.40725,-0.40452,-0.40452,-0.40452,-0.40452,-0.40452,-0.40452,-0.40452,-0.40452,-0.40452,-0.40452,-0.40452,-0.40452,-0.40452,-0.40452,-0.40452,-0.40452,-0.40452,-0.40452,-0.40452,-0.40452,-0.40452,-0.40452,-0.40452,-0.40452,-0.40452,-0.40452,-0.40452,-0.40452,-0.40452,-0.40452,-0.40452,-0.40452,-0.40452,-0.37142,-0.33848,-0.30998,-0.28148,-0.25727,-0.23306,-0.21034,-0.18818,-0.16876,-0.15042,-0.071817,-0.011172,0.036299,0.075355,0.10953,0.13672,0.15927,0.17749,0.19133,0.2015,0.20358
12.2,-0.42922,-0.42922,-0.42922,-0.42922,-0.42922,-0.42922,-0.42641,-0.42641,-0.42922,-0.42922,-0.42641,-0.42641,-0.42641,-0.42641,-0.42641,-0.42641,-0.42641,-0.42641,-0.42641,-0.42641,-0.42641,-0.42641,-0.42641,-0.42641,-0.42641,-0.42641,-0.42641,-0.42641,-0.42641,-0.42641,-0.42641,-0.42641,-0.42641,-0.42641,-0.42641,-0.42641,-0.42641,-0.42641,-0.42641,-0.42641,-0.42641,-0.42641,-0.42641,-0.39246,-0.35868,-0.32944,-0.3002,-0.27529,-0.25038,-0.22685,-0.20383,-0.18365,-0.16461,-0.083872,-0.021643,0.026824,0.06658,0.10119,0.12894,0.15191,0.17068,0.18514,0.19592,0.19921
12.4,-0.45145,-0.45145,-0.45145,-0.45145,-0.45145,-0.45145,-0.44852,-0.44852,-0.45145,-0.45145,-0.44852,-0.44852,-0.44852,-0.44852,-0.44852,-0.44852,-0.44852,-0.44852,-0.44852,-0.44852,-0.44852,-0.44852,-0.44852,-0.44852,-0.44852,-0.44852,-0.44852,-0.44852,-0.44852,-0.44852,-0.44852,-0.44852,-0.44852,-0.44852,-0.44852,-0.44852,-0.44852,-0.44852,-0.44852,-0.44852,-0.44852,-0.44852,-0.44852,-0.41361,-0.37889,-0.34892,-0.31896,-0.29339,-0.26782,-0.2436,-0.21989,-0.19903,-0.17921,-0.095842,-0.032192,0.017355,0.057849,0.092971,0.12125,0.14465,0.16391,0.17896,0.19032,0.19487
12.6,-0.47464,-0.47464,-0.47464,-0.47464,-0.47464,-0.47464,-0.47151,-0.47151,-0.47464,-0.47464,-0.47151,-0.47151,-0.47151,-0.47151,-0.47151,-0.47151,-0.47151,-0.47151,-0.47151,-0.47151,-0.47151,-0.47151,-0.47151,-0.47151,-0.47151,-0.47151,-0.47151,-0.47151,-0.47151,-0.47151,-0.47151,-0.47151,-0.47151,-0.47151,-0.47151,-0.47151,-0.47151,-0.47151,-0.47151,-0.47151,-0.47151,-0.47151,-0.47151,-0.43525,-0.39922,-0.36846,-0.33771,-0.31151,-0.28531,-0.26046,-0.23611,-0.21464,-0.19417,-0.10777,-0.042801,0.0078854,0.04915,0.084835,0.11352,0.1374,0.15715,0.1729,0.18521,0.19044
12.8,-0.50055,-0.50055,-0.50055,-0.50055,-0.50055,-0.50055,-0.49722,-0.49722,-0.50055,-0.50055,-0.49722,-0.49722,-0.49722,-0.49722,-0.49722,-0.49722,-0.49722,-0.49722,-0.49722,-0.49722,-0.49722,-0.49722,-0.49722,-0.49722,-0.49722,-0.49722,-0.49722,-0.49722,-0.49722,-0.49722,-0.49722,-0.49722,-0.49722,-0.49722,-0.49722,-0.49722,-0.49722,-0.49722,-0.49722,-0.49722,-0.49722,-0.49722,-0.49722,-0.45853,-0.42016,-0.38834,-0.35651,-0.32966,-0.3028,-0.27734,-0.25239,-0.23038,-0.20936,-0.12025,-0.053407,-0.0016234,0.040462,0.076764,0.1059,0.13022,0.15043,0.16675,0.17975,0.186
13,-0.5289,-0.5289,-0.5289,-0.5289,-0.5289,-0.5289,-0.52538,-0.52538,-0.5289,-0.5289,-0.52538,-0.52538,-0.52538,-0.52538,-0.52538,-0.52538,-0.52538,-0.52538,-0.52538,-0.52538,-0.52538,-0.52538,-0.52538,-0.52538,-0.52538,-0.52538,-0.52538,-0.52538,-0.52538,-0.52538,-0.52538,-0.52538,-0.52538,-0.52538,-0.52538,-0.52538,-0.52538,-0.52538,-0.52538,-0.52538,-0.52538,-0.52538,-0.52538,-0.48418,-0.44334,-0.40957,-0.3758,-0.34809,-0.32037,-0.29424,-0.2687,-0.24615,-0.22461,-0.13287,-0.063997,-0.011168,0.031789,0.068776,0.098283,0.12305,0.14367,0.16046,0.17402,0.18135
13.2,-0.55935,-0.55935,-0.55935,-0.55935,-0.55935,-0.55935,-0.55566,-0.55566,-0.55935,-0.55935,-0.55566,-0.55566,-0.55566,-0.55566,-0.55566,-0.55566,-0.55566,-0.55566,-0.55566,-0.55566,-0.55566,-0.55566,-0.55566,-0.55566,-0.55566,-0.55566,-0.55566,-0.55566,-0.55566,-0.55566,-0.55566,-0.55566,-0.55566,-0.55566,-0.55566,-0.55566,-0.55566,-0.55566,-0.55566,-0.55566,-0.55566,-0.55566,-0.55566,-0.512,-0.4687,-0.43269,-0.39667,-0.36752,-0.33836,-0.31131,-0.28505,-0.26191,-0.23987,-0.14574,-0.074674,-0.020722,0.023123,0.060779,0.090758,0.11594,0.13699,0.15425,0.16829,0.17726
13.4,-0.59145,-0.59145,-0.59145,-0.59145,-0.59145,-0.59145,-0.58759,-0.58759,-0.59145,-0.59145,-0.58759,-0.58759,-0.58759,-0.58759,-0.58759,-0.58759,-0.58759,-0.58759,-0.58759,-0.58759,-0.58759,-0.58759,-0.58759,-0.58759,-0.58759,-0.58759,-0.58759,-0.58759,-0.58759,-0.58759,-0.58759,-0.58759,-0.58759,-0.58759,-0.58759,-0.58759,-0.58759,-0.58759,-0.58759,-0.58759,-0.58759,-0.58759,-0.58759,-0.54172,-0.49618,-0.45793,-0.41969,-0.38856,-0.35742,-0.32905,-0.3017,-0.27776,-0.25517,-0.15876,-0.085471,-0.030284,0.014437,0.052822,0.083276,0.10887,0.13034,0.14804,0.16253,0.17277
13.6,-0.62472,-0.62472,-0.62472,-0.62472,-0.62472,-0.62472,-0.62074,-0.62074,-0.62472,-0.62472,-0.62074,-0.62074,-0.62074,-0.62074,-0.62074,-0.62074,-0.62074,-0.62074,-0.62074,-0.62074,-0.62074,-0.62074,-0.62074,-0.62074,-0.62074,-0.62074,-0.62074,-0.62074,-0.62074,-0.62074,-0.62074,-0.62074,-0.62074,-0.62074,-0.62074,-0.62074,-0.62074,-0.62074,-0.62074,-0.62074,-0.62074,-0.62074,-0.62074,-0.57282,-0.52525,-0.485,-0.44476,-0.41164,-0.37852,-0.34831,-0.31918,-0.29398,-0.27068,-0.17184,-0.09656,-0.039872,0.0057427,0.04487,0.075865,0.10191,0.12376,0.14185,0.15675,0.16791
13.8,-0.65853,-0.65853,-0.65853,-0.65853,-0.65853,-0.65853,-0.65445,-0.65445,-0.65853,-0.65853,-0.65445,-0.65445,-0.65445,-0.65445,-0.65445,-0.65445,-0.65445,-0.65445,-0.65445,-0.65445,-0.65445,-0.65445,-0.65445,-0.65445,-0.65445,-0.65445,-0.65445,-0.65445,-0.65445,-0.65445,-0.65445,-0.65445,-0.65445,-0.65445,-0.65445,-0.65445,-0.65445,-0.65445,-0.65445,-0.65445,-0.65445,-0.65445,-0.65445,-0.60484,-0.55555,-0.51345,-0.47136,-0.43645,-0.40155,-0.36945,-0.33841,-0.31164,-0.28705,-0.18491,-0.10787,-0.049493,-0.0029845,0.036943,0.068472,0.095025,0.11724,0.13565,0.15091,0.16267
14,-0.69202,-0.69202,-0.69202,-0.69202,-0.69202,-0.69202,-0.68785,-0.68785,-0.69202,-0.69202,-0.68785,-0.68785,-0.68785,-0.68785,-0.68785,-0.68785,-0.68785,-0.68785,-0.68785,-0.68785,-0.68785,-0.68785,-0.68785,-0.68785,-0.68785,-0.68785,-0.68785,-0.68785,-0.68785,-0.68785,-0.68785,-0.68785,-0.68785,-0.68785,-0.68785,-0.68785,-0.68785,-0.68785,-0.68785,-0.68785,-0.68785,-0.68785,-0.68785,-0.63704,-0.58651,-0.54286,-0.4992,-0.46261,-0.42603,-0.39215,-0.3593,-0.33087,-0.30459,-0.19802,-0.11927,-0.059254,-0.0117,0.029007,0.06111,0.088216,0.11076,0.12949,0.14516,0.1574
14.2,-0.7252,-0.7252,-0.7252,-0.7252,-0.7252,-0.7252,-0.7209,-0.7209,-0.7252,-0.7252,-0.7209,-0.7209,-0.7209,-0.7209,-0.7209,-0.7209,-0.7209,-0.7209,-0.7209,-0.7209,-0.7209,-0.7209,-0.7209,-0.7209,-0.7209,-0.7209,-0.7209,-0.7209,-0.7209,-0.7209,-0.7209,-0.7209,-0.7209,-0.7209,-0.7209,-0.7209,-0.7209,-0.7209,-0.7209,-0.7209,-0.7209,-0.7209,-0.7209,-0.66895,-0.61727,-0.57251,-0.52774,-0.48972,-0.4517,-0.41623,-0.38171,-0.35171,-0.32381,-0.21131,-0.13068,-0.069135,-0.020417,0.021058,0.053772,0.081431,0.10431,0.12336,0.13941,0.15212
14.4,-0.75878,-0.75878,-0.75878,-0.75878,-0.75878,-0.75878,-0.75434,-0.75434,-0.75878,-0.75878,-0.75434,-0.75434,-0.75434,-0.75434,-0.75434,-0.75434,-0.75434,-0.75434,-0.75434,-0.75434,-0.75434,-0.75434,-0.75434,-0.75434,-0.75434,-0.75434,-0.75434,-0.75434,-0.75434,-0.75434,-0.75434,-0.75434,-0.75434,-0.75434,-0.75434,-0.75434,-0.75434,-0.75434,-0.75434,-0.75434,-0.75434,-0.75434,-0.75434,-0.70088,-0.64772,-0.60195,-0.55618,-0.51709,-0.478,-0.44119,-0.40523,-0.37386,-0.34446,-0.22527,-0.14174,-0.079129,-0.029169,0.013098,0.04646,0.07465,0.097916,0.1173,0.13368,0.14685
14.6,-0.79294,-0.79294,-0.79294,-0.79294,-0.79294,-0.79294,-0.78837,-0.78837,-0.79294,-0.79294,-0.78837,-0.78837,-0.78837,-0.78837,-0.78837,-0.78837,-0.78837,-0.78837,-0.78837,-0.78837,-0.78837,-0.78837,-0.78837,-0.78837,-0.78837,-0.78837,-0.78837,-0.78837,-0.78837,-0.78837,-0.78837,-0.78837,-0.78837,-0.78837,-0.78837,-0.78837,-0.78837,-0.78837,-0.78837,-0.78837,-0.78837,-0.78837,-0.78837,-0.7332,-0.67836,-0.63137,-0.58438,-0.54444,-0.50451,-0.46661,-0.42948,-0.39692,-0.36616,-0.24027,-0.15317,-0.089206,-0.037992,0.0051144,0.039149,0.067933,0.091596,0.11129,0.12798,0.14164
14.8,-0.82744,-0.82744,-0.82744,-0.82744,-0.82744,-0.82744,-0.82275,-0.82275,-0.82744,-0.82744,-0.82275,-0.82275,-0.82275,-0.82275,-0.82275,-0.82275,-0.82275,-0.82275,-0.82275,-0.82275,-0.82275,-0.82275,-0.82275,-0.82275,-0.82275,-0.82275,-0.82275,-0.82275,-0.82275,-0.82275,-0.82275,-0.82275,-0.82275,-0.82275,-0.82275,-0.82275,-0.82275,-0.82275,-0.82275,-0.82275,-0.82275,-0.82275,-0.82275,-0.76594,-0.70947,-0.66099,-0.61252,-0.57165,-0.53077,-0.49202,-0.45407,-0.4206,-0.3887,-0.25657,-0.16464,-0.099301,-0.046872,-0.0028124,0.031812,0.061136,0.08527,0.10533,0.12227,0.13661
15,-0.86171,-0.86171,-0.86171,-0.86171,-0.86171,-0.86171,-0.85695,-0.85695,-0.86171,-0.86171,-0.85695,-0.85695,-0.85695,-0.85695,-0.85695,-0.85695,-0.85695,-0.85695,-0.85695,-0.85695,-0.85695,-0.85695,-0.85695,-0.85695,-0.85695,-0.85695,-0.85695,-0.85695,-0.85695,-0.85695,-0.85695,-0.85695,-0.85695,-0.85695,-0.85695,-0.85695,-0.85695,-0.85695,-0.85695,-0.85695,-0.85695,-0.85695,-0.85695,-0.79881,-0.74098,-0.69106,-0.64113,-0.59898,-0.55683,-0.51716,-0.47842,-0.4442,-0.41148,-0.27401,-0.17651,-0.10941,-0.055864,-0.010768,0.024477,0.054335,0.078981,0.099425,0.11661,0.13148
15.2,-0.89523,-0.89523,-0.89523,-0.89523,-0.89523,-0.89523,-0.89038,-0.89038,-0.89523,-0.89523,-0.89038,-0.89038,-0.89038,-0.89038,-0.89038,-0.89038,-0.89038,-0.89038,-0.89038,-0.89038,-0.89038,-0.89038,-0.89038,-0.89038,-0.89038,-0.89038,-0.89038,-0.89038,-0.89038,-0.89038,-0.89038,-0.89038,-0.89038,-0.89038,-0.89038,-0.89038,-0.89038,-0.89038,-0.89038,-0.89038,-0.89038,-0.89038,-0.89038,-0.83125,-0.7724,-0.72127,-0.67014,-0.62672,-0.58329,-0.54246,-0.50261,-0.46753,-0.43416,-0.29237,-0.18947,-0.11952,-0.06489,-0.018748,0.017138,0.047564,0.072734,0.093567,0.111,0.12625
15.4,-0.92812,-0.92812,-0.92812,-0.92812,-0.92812,-0.92812,-0.92318,-0.92318,-0.92812,-0.92812,-0.92318,-0.92318,-0.92318,-0.92318,-0.92318,-0.92318,-0.92318,-0.92318,-0.92318,-0.92318,-0.92318,-0.92318,-0.92318,-0.92318,-0.92318,-0.92318,-0.92318,-0.92318,-0.92318,-0.92318,-0.92318,-0.92318,-0.92318,-0.92318,-0.92318,-0.92318,-0.92318,-0.92318,-0.92318,-0.92318,-0.92318,-0.92318,-0.92318,-0.86301,-0.80314,-0.75115,-0.69916,-0.65463,-0.6101,-0.56809,-0.52703,-0.49097,-0.4568,-0.31141,-0.20364,-0.12958,-0.073937,-0.026778,0.009843,0.040788,0.06651,0.08778,0.10546,0.12104
15.6,-0.9605,-0.9605,-0.9605,-0.9605,-0.9605,-0.9605,-0.95547,-0.95547,-0.9605,-0.9605,-0.95547,-0.95547,-0.95547,-0.95547,-0.95547,-0.95547,-0.95547,-0.95547,-0.95547,-0.95547,-0.95547,-0.95547,-0.95547,-0.95547,-0.95547,-0.95547,-0.95547,-0.95547,-0.95547,-0.95547,-0.95547,-0.95547,-0.95547,-0.95547,-0.95547,-0.95547,-0.95547,-0.95547,-0.95547,-0.95547,-0.95547,-0.95547,-0.95547,-0.89425,-0.83333,-0.78045,-0.72756,-0.68224,-0.63691,-0.59389,-0.55174,-0.51468,-0.4795,-0.33058,-0.21875,-0.14065,-0.082966,-0.03488,0.00253,0.034009,0.060296,0.082023,0.099979,0.11586
15.8,-0.99267,-0.99267,-0.99267,-0.99267,-0.99267,-0.99267,-0.98754,-0.98754,-0.99267,-0.99267,-0.98754,-0.98754,-0.98754,-0.98754,-0.98754,-0.98754,-0.98754,-0.98754,-0.98754,-0.98754,-0.98754,-0.98754,-0.98754,-0.98754,-0.98754,-0.98754,-0.98754,-0.98754,-0.98754,-0.98754,-0.98754,-0.98754,-0.98754,-0.98754,-0.98754,-0.98754,-0.98754,-0.98754,-0.98754,-0.98754,-0.98754,-0.98754,-0.98754,-0.92512,-0.86301,-0.80923,-0.75545,-0.70938,-0.66332,-0.61948,-0.57647,-0.53856,-0.50241,-0.34974,-0.23466,-0.15218,-0.092057,-0.043047,-0.0047812,0.027239,0.054084,0.076278,0.094532,0.1107
16,-1.0243,-1.0243,-1.0243,-1.0243,-1.0243,-1.0243,-1.0191,-1.0191,-1.0243,-1.0243,-1.0191,-1.0191,-1.0191,-1.0191,-1.0191,-1.0191,-1.0191,-1.0191,-1.0191,-1.0191,-1.0191,-1.0191,-1.0191,-1.0191,-1.0191,-1.0191,-1.0191,-1.0191,-1.0191,-1.0191,-1.0191,-1.0191,-1.0191,-1.0191,-1.0191,-1.0191,-1.0191,-1.0191,-1.0191,-1.0191,-1.0191,-1.0191,-1.0191,-0.95559,-0.8924,-0.83761,-0.78283,-0.73601,-0.6892,-0.64467,-0.60099,-0.56237,-0.52539,-0.36885,-0.25104,-0.16451,-0.10138,-0.051186,-0.012139,0.020489,0.047875,0.070515,0.089102,0.10554
16.2,-1.0554,-1.0554,-1.0554,-1.0554,-1.0554,-1.0554,-1.0501,-1.0501,-1.0554,-1.0554,-1.0501,-1.0501,-1.0501,-1.0501,-1.0501,-1.0501,-1.0501,-1.0501,-1.0501,-1.0501,-1.0501,-1.0501,-1.0501,-1.0501,-1.0501,-1.0501,-1.0501,-1.0501,-1.0501,-1.0501,-1.0501,-1.0501,-1.0501,-1.0501,-1.0501,-1.0501,-1.0501,-1.0501,-1.0501,-1.0501,-1.0501,-1.0501,-1.0501,-0.98563,-0.92144,-0.86565,-0.80987,-0.76224,-0.71461,-0.66934,-0.62496,-0.58573,-0.54815,-0.38795,-0.26764,-0.17758,-0.11108,-0.059318,-0.01953,0.01375,0.041678,0.064763,0.083722,0.10045
16.4,-1.086,-1.086,-1.086,-1.086,-1.086,-1.086,-1.0806,-1.0806,-1.086,-1.086,-1.0806,-1.0806,-1.0806,-1.0806,-1.0806,-1.0806,-1.0806,-1.0806,-1.0806,-1.0806,-1.0806,-1.0806,-1.0806,-1.0806,-1.0806,-1.0806,-1.0806,-1.0806,-1.0806,-1.0806,-1.0806,-1.0806,-1.0806,-1.0806,-1.0806,-1.0806,-1.0806,-1.0806,-1.0806,-1.0806,-1.0806,-1.0806,-1.0806,-1.0151,-0.94989,-0.89328,-0.83666,-0.78816,-0.73966,-0.69364,-0.64854,-0.60868,-0.57052,-0.40718,-0.28407,-0.1913,-0.12116,-0.067515,-0.026981,0.0070118,0.035467,0.058977,0.078339,0.095395
16.6,-1.1161,-1.1161,-1.1161,-1.1161,-1.1161,-1.1161,-1.1106,-1.1106,-1.1161,-1.1161,-1.1106,-1.1106,-1.1106,-1.1106,-1.1106,-1.1106,-1.1106,-1.1106,-1.1106,-1.1106,-1.1106,-1.1106,-1.1106,-1.1106,-1.1106,-1.1106,-1.1106,-1.1106,-1.1106,-1.1106,-1.1106,-1.1106,-1.1106,-1.1106,-1.1106,-1.1106,-1.1106,-1.1106,-1.1106,-1.1106,-1.1106,-1.1106,-1.1106,-1.0441,-0.97789,-0.92043,-0.86296,-0.8137,-0.76444,-0.71763,-0.67174,-0.63122,-0.5925,-0.42645,-0.30027,-0.20552,-0.13219,-0.075851,-0.034388,0.00025164,0.029224,0.053189,0.072987,0.090367
16.8,-1.1457,-1.1457,-1.1457,-1.1457,-1.1457,-1.1457,-1.1401,-1.1401,-1.1457,-1.1457,-1.1401,-1.1401,-1.1401,-1.1401,-1.1401,-1.1401,-1.1401,-1.1401,-1.1401,-1.1401,-1.1401,-1.1401,-1.1401,-1.1401,-1.1401,-1.1401,-1.1401,-1.1401,-1.1401,-1.1401,-1.1401,-1.1401,-1.1401,-1.1401,-1.1401,-1.1401,-1.1401,-1.1401,-1.1401,-1.1401,-1.1401,-1.1401,-1.1401,-1.0726,-1.0054,-0.94711,-0.88879,-0.8388,-0.78882,-0.74127,-0.69465,-0.65347,-0.6141,-0.44555,-0.31659,-0.21984,-0.14388,-0.08443,-0.041812,-0.0065193,0.022973,0.047403,0.067642,0.085369
17,-1.1748,-1.1748,-1.1748,-1.1748,-1.1748,-1.1748,-1.1692,-1.1692,-1.1748,-1.1748,-1.1692,-1.1692,-1.1692,-1.1692,-1.1692,-1.1692,-1.1692,-1.1692,-1.1692,-1.1692,-1.1692,-1.1692,-1.1692,-1.1692,-1.1692,-1.1692,-1.1692,-1.1692,-1.1692,-1.1692,-1.1692,-1.1692,-1.1692,-1.1692,-1.1692,-1.1692,-1.1692,-1.1692,-1.1692,-1.1692,-1.1692,-1.1692,-1.1692,-1.1007,-1.0326,-0.97338,-0.91417,-0.86346,-0.81275,-0.76452,-0.71721,-0.6754,-0.63539,-0.46427,-0.33303,-0.23395,-0.15602,-0.093471,-0.049298,-0.013333,0.016718,0.041652,0.062308,0.0804
17.2,-1.2037,-1.2037,-1.2037,-1.2037,-1.2037,-1.2037,-1.198,-1.198,-1.2037,-1.2037,-1.198,-1.198,-1.198,-1.198,-1.198,-1.198,-1.198,-1.198,-1.198,-1.198,-1.198,-1.198,-1.198,-1.198,-1.198,-1.198,-1.198,-1.198,-1.198,-1.198,-1.198,-1.198,-1.198,-1.198,-1.198,-1.198,-1.198,-1.198,-1.198,-1.198,-1.198,-1.198,-1.198,-1.1284,-1.0592,-0.99921,-0.93923,-0.88777,-0.83631,-0.78737,-0.73937,-0.69696,-0.65637,-0.48263,-0.34947,-0.24828,-0.16827,-0.10312,-0.056915,-0.020112,0.010476,0.035893,0.05697,0.07542
17.4,-1.2324,-1.2324,-1.2324,-1.2324,-1.2324,-1.2324,-1.2266,-1.2266,-1.2324,-1.2324,-1.2266,-1.2266,-1.2266,-1.2266,-1.2266,-1.2266,-1.2266,-1.2266,-1.2266,-1.2266,-1.2266,-1.2266,-1.2266,-1.2266,-1.2266,-1.2266,-1.2266,-1.2266,-1.2266,-1.2266,-1.2266,-1.2266,-1.2266,-1.2266,-1.2266,-1.2266,-1.2266,-1.2266,-1.2266,-1.2266,-1.2266,-1.2266,-1.2266,-1.156,-1.0857,-1.0247,-0.96374,-0.91161,-0.85947,-0.80986,-0.7612,-0.71818,-0.677,-0.50074,-0.36573,-0.26248,-0.18105,-0.11354,-0.064773,-0.026922,0.0042323,0.030149,0.05169,0.070485
17.6,-1.2606,-1.2606,-1.2606,-1.2606,-1.2606,-1.2606,-1.2548,-1.2548,-1.2606,-1.2606,-1.2548,-1.2548,-1.2548,-1.2548,-1.2548,-1.2548,-1.2548,-1.2548,-1.2548,-1.2548,-1.2548,-1.2548,-1.2548,-1.2548,-1.2548,-1.2548,-1.2548,-1.2548,-1.2548,-1.2548,-1.2548,-1.2548,-1.2548,-1.2548,-1.2548,-1.2548,-1.2548,-1.2548,-1.2548,-1.2548,-1.2548,-1.2548,-1.2548,-1.1831,-1.1119,-1.05,-0.98809,-0.93521,-0.88232,-0.832,-0.78264,-0.73903,-0.69731,-0.51854,-0.38168,-0.27678,-0.19378,-0.12429,-0.073004,-0.033815,-0.002024,0.024376,0.046405,0.065535
17.8,-1.2885,-1.2885,-1.2885,-1.2885,-1.2885,-1.2885,-1.2826,-1.2826,-1.2885,-1.2885,-1.2826,-1.2826,-1.2826,-1.2826,-1.2826,-1.2826,-1.2826,-1.2826,-1.2826,-1.2826,-1.2826,-1.2826,-1.2826,-1.2826,-1.2826,-1.2826,-1.2826,-1.2826,-1.2826,-1.2826,-1.2826,-1.2826,-1.2826,-1.2826,-1.2826,-1.2826,-1.2826,-1.2826,-1.2826,-1.2826,-1.2826,-1.2826,-1.2826,-1.21,-1.1377,-1.075,-1.0122,-0.95849,-0.90478,-0.85379,-0.80382,-0.75963,-0.71729,-0.5361,-0.39727,-0.29066,-0.206,-0.1353,-0.08183,-0.040862,-0.0082645,0.018607,0.041131,0.060587
18,-1.316,-1.316,-1.316,-1.316,-1.316,-1.316,-1.3099,-1.3099,-1.316,-1.316,-1.3099,-1.3099,-1.3099,-1.3099,-1.3099,-1.3099,-1.3099,-1.3099,-1.3099,-1.3099,-1.3099,-1.3099,-1.3099,-1.3099,-1.3099,-1.3099,-1.3099,-1.3099,-1.3099,-1.3099,-1.3099,-1.3099,-1.3099,-1.3099,-1.3099,-1.3099,-1.3099,-1.3099,-1.3099,-1.3099,-1.3099,-1.3099,-1.3099,-1.2364,-1.1631,-1.0996,-1.036,-0.98158,-0.92712,-0.87535,-0.82459,-0.77977,-0.73694,-0.55332,-0.41265,-0.30481,-0.21851,-0.14646,-0.091197,-0.048136,-0.014519,0.012863,0.035863,0.055625
18.2,-1.3428,-1.3428,-1.3428,-1.3428,-1.3428,-1.3428,-1.3367,-1.3367,-1.3428,-1.3428,-1.3367,-1.3367,-1.3367,-1.3367,-1.3367,-1.3367,-1.3367,-1.3367,-1.3367,-1.3367,-1.3367,-1.3367,-1.3367,-1.3367,-1.3367,-1.3367,-1.3367,-1.3367,-1.3367,-1.3367,-1.3367,-1.3367,-1.3367,-1.3367,-1.3367,-1.3367,-1.3367,-1.3367,-1.3367,-1.3367,-1.3367,-1.3367,-1.3367,-1.2623,-1.1883,-1.1239,-1.0594,-1.0043,-0.94916,-0.8967,-0.84524,-0.79978,-0.75632,-0.5703,-0.42775,-0.31856,-0.23101,-0.15758,-0.10084,-0.055652,-0.020858,0.0071155,0.030585,0.050679
18.4,-1.369,-1.369,-1.369,-1.369,-1.369,-1.369,-1.3628,-1.3628,-1.369,-1.369,-1.3628,-1.3628,-1.3628,-1.3628,-1.3628,-1.3628,-1.3628,-1.3628,-1.3628,-1.3628,-1.3628,-1.3628,-1.3628,-1.3628,-1.3628,-1.3628,-1.3628,-1.3628,-1.3628,-1.3628,-1.3628,-1.3628,-1.3628,-1.3628,-1.3628,-1.3628,-1.3628,-1.3628,-1.3628,-1.3628,-1.3628,-1.3628,-1.3628,-1.2877,-1.2129,-1.1477,-1.0826,-1.0267,-0.97083,-0.91771,-0.86562,-0.81957,-0.77548,-0.58701,-0.44258,-0.33201,-0.24304,-0.16852,-0.11074,-0.063679,-0.027416,0.0013772,0.025201,0.045687
18.6,-1.3947,-1.3947,-1.3947,-1.3947,-1.3947,-1.3947,-1.3885,-1.3885,-1.3947,-1.3947,-1.3885,-1.3885,-1.3885,-1.3885,-1.3885,-1.3885,-1.3885,-1.3885,-1.3885,-1.3885,-1.3885,-1.3885,-1.3885,-1.3885,-1.3885,-1.3885,-1.3885,-1.3885,-1.3885,-1.3885,-1.3885,-1.3885,-1.3885,-1.3885,-1.3885,-1.3885,-1.3885,-1.3885,-1.3885,-1.3885,-1.3885,-1.3885,-1.3885,-1.3125,-1.2369,-1.1711,-1.1053,-1.0487,-0.99219,-0.93842,-0.88569,-0.83906,-0.79441,-0.6034,-0.45726,-0.3453,-0.25576,-0.17936,-0.12069,-0.072151,-0.034231,-0.0043792,0.019822,0.040751
18.8,-1.42,-1.42,-1.42,-1.42,-1.42,-1.42,-1.4137,-1.4137,-1.42,-1.42,-1.4137,-1.4137,-1.4137,-1.4137,-1.4137,-1.4137,-1.4137,-1.4137,-1.4137,-1.4137,-1.4137,-1.4137,-1.4137,-1.4137,-1.4137,-1.4137,-1.4137,-1.4137,-1.4137,-1.4137,-1.4137,-1.4137,-1.4137,-1.4137,-1.4137,-1.4137,-1.4137,-1.4137,-1.4137,-1.4137,-1.4137,-1.4137,-1.4137,-1.3368,-1.2604,-1.1939,-1.1274,-1.0703,-1.0132,-0.95881,-0.90542,-0.85823,-0.81307,-0.61962,-0.47161,-0.35828,-0.26779,-0.1905,-0.13064,-0.080814,-0.041233,-0.010185,0.014454,0.03583
19,-1.445,-1.445,-1.445,-1.445,-1.445,-1.445,-1.4387,-1.4387,-1.445,-1.445,-1.4387,-1.4387,-1.4387,-1.4387,-1.4387,-1.4387,-1.4387,-1.4387,-1.4387,-1.4387,-1.4387,-1.4387,-1.4387,-1.4387,-1.4387,-1.4387,-1.4387,-1.4387,-1.4387,-1.4387,-1.4387,-1.4387,-1.4387,-1.4387,-1.4387,-1.4387,-1.4387,-1.4387,-1.4387,-1.4387,-1.4387,-1.4387,-1.4387,-1.3609,-1.2835,-1.2163,-1.149,-1.0914,-1.0337,-0.97877,-0.92484,-0.87714,-0.83141,-0.63564,-0.48583,-0.37108,-0.27957,-0.20128,-0.14041,-0.089685,-0.048563,-0.016213,0.009076,0.030935
19.2,-1.4693,-1.4693,-1.4693,-1.4693,-1.4693,-1.4693,-1.4629,-1.4629,-1.4693,-1.4693,-1.4629,-1.4629,-1.4629,-1.4629,-1.4629,-1.4629,-1.4629,-1.4629,-1.4629,-1.4629,-1.4629,-1.4629,-1.4629,-1.4629,-1.4629,-1.4629,-1.4629,-1.4629,-1.4629,-1.4629,-1.4629,-1.4629,-1.4629,-1.4629,-1.4629,-1.4629,-1.4629,-1.4629,-1.4629,-1.4629,-1.4629,-1.4629,-1.4629,-1.3845,-1.3064,-1.2384,-1.1703,-1.112,-1.0538,-0.99828,-0.94385,-0.89567,-0.84945,-0.65142,-0.49976,-0.38371,-0.29112,-0.21192,-0.15017,-0.09869,-0.056238,-0.022549,0.003735,0.026034
19.4,-1.4929,-1.4929,-1.4929,-1.4929,-1.4929,-1.4929,-1.4864,-1.4864,-1.4929,-1.4929,-1.4864,-1.4864,-1.4864,-1.4864,-1.4864,-1.4864,-1.4864,-1.4864,-1.4864,-1.4864,-1.4864,-1.4864,-1.4864,-1.4864,-1.4864,-1.4864,-1.4864,-1.4864,-1.4864,-1.4864,-1.4864,-1.4864,-1.4864,-1.4864,-1.4864,-1.4864,-1.4864,-1.4864,-1.4864,-1.4864,-1.4864,-1.4864,-1.4864,-1.4074,-1.3287,-1.26,-1.1914,-1.1324,-1.0735,-1.0174,-0.96239,-0.91375,-0.86712,-0.66694,-0.51346,-0.39608,-0.30223,-0.22235,-0.15993,-0.10764,-0.064109,-0.02917,-0.001607,0.02114
19.6,-1.5159,-1.5159,-1.5159,-1.5159,-1.5159,-1.5159,-1.5093,-1.5093,-1.5159,-1.5159,-1.5093,-1.5093,-1.5093,-1.5093,-1.5093,-1.5093,-1.5093,-1.5093,-1.5093,-1.5093,-1.5093,-1.5093,-1.5093,-1.5093,-1.5093,-1.5093,-1.5093,-1.5093,-1.5093,-1.5093,-1.5093,-1.5093,-1.5093,-1.5093,-1.5093,-1.5093,-1.5093,-1.5093,-1.5093,-1.5093,-1.5093,-1.5093,-1.5093,-1.4297,-1.3503,-1.2812,-1.212,-1.1524,-1.0929,-1.0362,-0.98059,-0.93143,-0.88437,-0.68227,-0.52704,-0.40828,-0.31337,-0.23315,-0.16948,-0.1164,-0.072073,-0.035988,-0.007002,0.016204
19.8,-1.5385,-1.5385,-1.5385,-1.5385,-1.5385,-1.5385,-1.532,-1.532,-1.5385,-1.5385,-1.532,-1.532,-1.532,-1.532,-1.532,-1.532,-1.532,-1.532,-1.532,-1.532,-1.532,-1.532,-1.532,-1.532,-1.532,-1.532,-1.532,-1.532,-1.532,-1.532,-1.532,-1.532,-1.532,-1.532,-1.532,-1.532,-1.532,-1.532,-1.532,-1.532,-1.532,-1.532,-1.532,-1.4515,-1.3714,-1.3017,-1.232,-1.172,-1.112,-1.0548,-0.99859,-0.9489,-0.90133,-0.69727,-0.54045,-0.42028,-0.3243,-0.24248,-0.17896,-0.1252,-0.080141,-0.043063,-0.012672,0.011189
20,-1.561,-1.561,-1.561,-1.561,-1.561,-1.561,-1.5543,-1.5543,-1.561,-1.561,-1.5543,-1.5543,-1.5543,-1.5543,-1.5543,-1.5543,-1.5543,-1.5543,-1.5543,-1.5543,-1.5543,-1.5543,-1.5543,-1.5543,-1.5543,-1.5543,-1.5543,-1.5543,-1.5543,-1.5543,-1.5543,-1.5543,-1.5543,-1.5543,-1.5543,-1.5543,-1.5543,-1.5543,-1.5543,-1.5543,-1.5543,-1.5543,-1.5543,-1.4731,-1.3922,-1.3219,-1.2515,-1.191,-1.1306,-1.0729,-1.0162,-0.96608,-0.91801,-0.71197,-0.55359,-0.43213,-0.3351,-0.25332,-0.1887,-0.13399,-0.088271,-0.050319,-0.018738,0.0060942
22,-1.7931,-1.7931,-1.7931,-1.7931,-1.7931,-1.7931,-1.7857,-1.7857,-1.7931,-1.7931,-1.7857,-1.7857,-1.7857,-1.7857,-1.7857,-1.7857,-1.7857,-1.7857,-1.7857,-1.7857,-1.7857,-1.7857,-1.7857,-1.7857,-1.7857,-1.7857,-1.7857,-1.7857,-1.7857,-1.7857,-1.7857,-1.7857,-1.7857,-1.7857,-1.7857,-1.7857,-1.7857,-1.7857,-1.7857,-1.7857,-1.7857,-1.7857,-1.7857,-1.6957,-1.6062,-1.528,-1.4499,-1.3823,-1.3148,-1.2499,-1.186,-1.1296,-1.0756,-0.84576,-0.67234,-0.53995,-0.43393,-0.34405,-0.27329,-0.21383,-0.16386,-0.12156,-0.085513,-0.052608
